"愛","あい","love, affection, care; attachment, craving, desire; agape; Ireland"
"挨拶","あいさつ","greeting, greetings, salutation, salute, polite set phrase used when meeting or parting from someone; speech (congratulatory or appreciative), address; reply, response; courtesy visit (to offer condolences, say congratulations, pay respect, introduce oneself, etc.); revenge, retaliation; a fine thing to say; dialoging (with another Zen practitioner to ascertain their level of enlightenment); relationship (between people), connection; intervention, mediation, mediator"
"愛情","あいじょう","love, affection"
"","アイスクリーム","ice cream, icecream"
"愛する","あいする","to love"
"合図","あいず","sign, signal, cue"
"相手","あいて","companion, partner, company; other party, addressee, counterparty; opponent (sports, etc.)"
"生憎","あいにく","unfortunately, sorry, but ..."
"","アイロン","iron (for pressing clothes); hair iron, hair tong, curling tong"
"ＯＵＴ","アウト","out (of a ball; in tennis, etc.), outside the line; out, putout; outer, external, outside; exit, exit here; front nine; no good, unacceptable, out of line, over, finished, disqualified; check-out time"
"明かり","あかり","light, glow, gleam; (a) light, lights, lamp; proof (of innocence)"
"空き","あき","space, room, gap, emptiness; vacancy, opening, empty seat; free time, time to spare; disuse, unused thing"
"明らか","あきらか","clear, obvious, evident, plain, definite; bright, light"
"飽きる","あきる","to get tired of, to tire of, to lose interest in, to grow weary of, to get fed up with, to get sick of, to become bored with; to become sated, to become satiated, to have one's fill"
"諦める","あきらめる","to give up, to abandon (hope, plans), to resign oneself (to)"
"握手","あくしゅ","handshake; reconciliation, joining hands, cooperation"
"悪魔","あくま","devil, demon, fiend; Satan, the Devil; Māra, evil spirits or forces that hinder one's path to enlightenment"
"開ける","あける","to open (a door, etc.), to unwrap (e.g. parcel, package), to unlock; to open (for business, etc.); to empty, to remove, to make space, to make room; to move out, to clear out; to be away from (e.g. one's house), to leave (temporarily); to dawn, to grow light; to end (of a period, season); to begin (of the New Year); to leave (one's schedule) open, to make time (for); to make (a hole), to open up (a hole)"
"明後日","あさって, みょうごにち","day after tomorrow; wrong (e.g. direction)"
"明日","あした, あす, みょうにち","tomorrow; near future"
"預ける","あずける","to leave (in someone's keeping), to put (in someone's care), to place (in someone's custody), to entrust (someone) with, to deposit; to put (someone) in charge of, to leave (a matter) in someone's hands, to let (someone) decide; to lean on, to put one's weight on"
"汗","あせ","sweat, perspiration; moisture, condensation; gulp, oops"
"与える","あたえる","to give (esp. to someone of lower status), to bestow, to grant, to confer, to present, to award; to provide, to afford, to offer, to supply; to assign; to cause; to pass (a variable to a function)"
"暖かい","あたたかい, あったかい, あったけー","warm, mild, (pleasantly) hot; considerate, kind, genial; warm (of a colour), mellow; having enough money"
"辺り","あたり","(in the) neighbourhood, neighborhood, vicinity, nearby, surroundings; around, about, or thereabouts; for instance, say, such as"
"当たる","あたる","to be hit, to strike; to touch, to be in contact, to be affixed; to be equivalent to, to be applicable, to apply to; to be right on the money (of a prediction, criticism, etc.); to be selected (in a lottery, etc.), to win; to be successful, to go well, to be a hit; to face, to confront; to lie (in the direction of); to undertake, to be assigned; to be stricken (by food poisoning, heat, etc.), to be afflicted; to be called on (e.g. by a teacher); to treat (esp. harshly), to lash out at; to be unnecessary; to be hitting well, to be on a hitting streak; to feel a bite (in fishing); (of fruit, etc.) to be bruised, to spoil; to feel (something) out, to probe into, to check (i.e. by comparison); to shave; to be a relative of a person, to be a ... in relation to ..., to stand in a relationship"
"彼方此方","あちこち, あちらこちら, あっちこっち, アチコチ","here and there, various places, all around, all over, everywhere, throughout; muddled, confused, in the wrong order, back to front"
"","あっ, アッ, アっ, あ, ア","ah, oh; hey!"
"扱う","あつかう","to deal with (a person), to treat, to handle, to take care of, to entertain; to deal with (a problem), to handle, to manage; to operate (e.g. a machine), to handle, to work; to deal in, to sell; to cover (a topic), to treat, to discuss, to take up; to treat A as B; to mediate (an argument); to be too much for one, to find unmanageable; to gossip"
"集まり","あつまり","gathering, meeting, assembly, collection, attendance"
"当てる","あてる","to hit; to expose; to apply (e.g. patch), to put on, to put against, to hold on, to hold against; to allot, to call on someone (e.g. in class); to guess (an answer); to make a hit (e.g. in a lottery)"
"跡","あと","trace, tracks, mark, sign; site, remains, ruins; scar"
"穴","あな","hole, opening, orifice, perforation; pit, hollow, cavity, hole (e.g. in the ground); burrow, den, lair, holt, hole; deficit, shortage, (financial) hole, loss; gap (left by a missing employee, team member, etc.), vacancy, opening; flaw, fault, defect, weak point, hole (in a theory, plan, etc.), loophole; good place not many people know about, well-kept secret; upset victory (with a large payoff), long shot, dark horse; (partitioned) box (type of floor seating in a traditional Japanese theatre); hiding place, hideout"
"浴びる","あびる","to dash over oneself (e.g. water), to take (e.g. shower), to bask in (e.g. the sun), to bathe in, to be flooded with (e.g. light), to be covered in; to suffer (e.g. an attack), to draw (e.g. criticism, attention, praise), to have heaped upon, to be showered with"
"油","あぶら","oil"
"余り","あまり, あんまり","remainder, remnant, rest, balance, surplus, remains (of a meal), leftovers; (not) very, (not) much; too much, excessively, overly; extreme, great, severe, tremendous, terrible; not very good, so-so, mediocre; more than, over"
"誤り","あやまり","error, mistake, slip, bug"
"粗","あら, アラ","remaining bony parts (of a fish after filleting); flaw (esp. of a person), fault, defect; rice chaff; rough; crude, raw, natural, wild"
"嵐","あらし, アラシ","storm, tempest; uproar, hullabaloo, storm (e.g. of protest), winds (e.g. of change); pile of 3 cards of the same value in oicho-kabu"
"新た","あらた","new, fresh, novel"
"凡ゆる","あらゆる","all, every"
"表す","あらわす","to represent, to signify, to stand for; to reveal, to show, to display; to express; to make widely known"
"現れ","あらわれ","embodiment, manifestation, materialization, materialisation, expression, indication"
"現れる","あらわれる","to appear, to come in sight, to become visible, to come out, to embody, to materialize, to materialise; to be expressed (e.g. emotions), to become apparent (e.g. trends, effects)"
"有難う","ありがとう","thank you, thanks"
"有る","ある","to be, to exist, to live; to have; to be located; to be equipped with; to happen, to come about; to exist (in a completed state), to be (something unchanged in its current state)"
"或る","ある","a certain ..., some ..."
"或いは","あるいは","or, either ... or; maybe, perhaps, possibly; some ... and others ..., sometimes ... and at other times ..."
"","アルバム","album"
"泡","あわ, あぶく","bubble, foam, froth, suds, lather, head (on beer)"
"合わせる","あわせる","to match (rhythm, speed, etc.); to join together, to unite, to combine, to add up; to face, to be opposite (someone); to compare, to check with; to cause to meet (e.g. an unpleasant fate); to place together, to connect, to overlap; to mix, to combine; to put blade to blade, to fight"
"哀れ","あわれ, あはれ","pity, sorrow, grief, misery, compassion, pathos; pitiable, pitiful, pathetic, miserable; alack, alas"
"案","あん","idea, plan, proposal, suggestion, (government) bill; draft, rough copy; expectation; desk, stand"
"暗記","あんき","memorization, memorisation, learning by heart"
"安定","あんてい","stability, steadiness, consistency, equilibrium, balance, composure; stable"
"案内","あんない, あない","guidance, leading (the way), showing around; information, notice, notification; announcement (of a visitor's arrival), informing (someone) of a visitor's arrival; invitation; acquaintance, knowledge"
"","あんなに","to that extent, to that degree, so much, so"
"胃","い","stomach; Chinese ""stomach"" constellation (one of the 28 mansions)"
"","いい","good, excellent, fine, nice, pleasant, agreeable; sufficient, enough, ready, prepared; profitable (deal, business offer, etc.), beneficial; OK, all right, fine, no problem"
"","いいえ, いえ","no; you're welcome, not at all, don't mention it"
"委員","いいん","committee member"
"言う","いう, ゆう","to say, to utter, to declare; to name, to call; to go (e.g. ""the alarm went ping""), to make a noise"
"意外","いがい","unexpected, surprising"
"息","いき","breath, breathing; concord, harmony, rapport; steam (coming off hot food, tea, etc.), (water) vapor, vapour"
"行き","いき, ゆき","the way there, outbound leg, outbound trip, departing leg; bound for ...; outbound ticket"
"勢い","いきおい, いきよい","force, vigor, vigour, energy, spirit, life; influence, authority, power, might; impetus, momentum, course (of events); naturally, necessarily"
"生き物","いきもの","living thing, living creature, animal, life"
"幾つ","いくつ","how many; how old"
"幾ら","いくら","how much; something over, and something, -odd; however (much), no matter how"
"行けない","いけない","bad, wrong, naughty; must not (do, be), should not, ought not to; useless, no good, bad; hopeless, beyond hope; unfortunate, a shame, a pity; unable to drink (alcohol); so as not to ..., so that ... (won't), in case ..., for fear that ..., lest ..."
"意思","いし","intention, wish, purpose, mind (to do)"
"医師","いし","doctor, physician"
"意志","いし","will, volition, intention, intent, determination"
"意識","いしき","consciousness; becoming aware (of), awareness, sense; mano-vijnana (mental consciousness, cognizer of sensory information)"
"維持","いじ","maintenance, preservation, improvement"
"異常","いじょう","abnormal, unusual, extraordinary, remarkable, uncommon"
"椅子","いす, イス","chair, seat, stool, bench; post, position, seat, office"
"泉","いずみ","spring, fountain"
"何れ","いずれ, いづれ","which, where, who; all, both; anyway, anyhow, at any rate, in any case; sooner or later, one of these days, someday, before long, in due course, eventually"
"以前","いぜん","before, prior to, ago; the past, before, previously, former times"
"板","いた","board, plank; sheet (of metal), plate (of glass), pane, slab; cutting board, chopping board; chef (esp. of high-end Japanese cuisine), cook; stage (i.e. at a theatre)"
"悪戯","いたずら, イタズラ, いたづら","mischief, prank, trick, practical joke; mischievous, naughty; pastime, hobby; playing with (e.g. a lighter), fooling around with, messing around with, amusing oneself with, tampering with; lewd behaviour, sexual misconduct, sexual assault, molestation, rape"
"頂きます","いただきます","thank you (for the meal just served), I receive (this meal)"
"頂く","いただく","to receive, to get, to accept, to take, to buy; to eat, to drink; to be crowned with, to wear (on one's head), to have (on top); to have (as one's leader), to live under (a ruler), to install (a president); to get someone to do something"
"痛み","いたみ","pain, ache, soreness, grief, distress; damage, injury, wear, bruise, break"
"至る","いたる","to arrive at (e.g. a decision), to reach (a stage), to attain; to lead to (a place), to get to; in the extreme case of; to come, to arrive, to result in"
"偉大","いだい","great, grand, magnificent, outstanding, mighty"
"抱く","いだく","to hold in one's arms (e.g. a baby), to embrace, to hug; to have (a thought or feeling), to hold, to harbour (suspicion, doubt, etc.), to harbor, to bear (a grudge, ill will, etc.), to entertain (hope, illusions, etc.), to cherish (e.g. an ambition)"
"市","いち","market, fair"
"位置","いち","place, position, location; position, standing, status, situation"
"一時","いちじ","one o'clock; once, at one time, formerly, before; for a time, for a while, for the time being, for the moment, temporarily; a time, one time, once"
"一度に","いちどに","all at once"
"市場","いちば","(town) market, (street) market, marketplace"
"一番","いちばん","number one, first, first place; best, most; game, round, bout; as a test, as an experiment, by way of experiment, by way of trial, tentatively; song (e.g. in noh), piece"
"一家","いっか, いっけ","a family, a household, a home, one's family, whole family; (one's own) style, school; gang, (yakuza) family"
"一種","いっしゅ","a kind, a sort, a variety, a species; of sorts, something of a, a sort of; sort of, somewhat"
"一瞬","いっしゅん","instant, moment, for an instant"
"一生","いっしょう","whole life, a lifetime, all through life, one existence, a generation, an age, the whole world, the era; (the only, the greatest, etc.) of one's life"
"一層","いっそう","even more, still more, all the more, more than ever; one layer; lowest floor (of a building); rather, sooner, preferably"
"一体","いったい","(what) the heck, (why) in the world, (who) on earth; one object, one body, unity; one form, one style; one Buddhist image (or carving, etc.); generally, in general"
"一致","いっち","agreement, accord, correspondence, consistency, coincidence, match; union, unity, cooperation"
"一般","いっぱん","general, universal; ordinary, average, common, non-celebrity; the same, no different, (just) as if"
"一方","いっぽう","one (esp. of two), the other, one way, the other way, one direction, the other direction, one side, the other side, one party, the other party; on the one hand, on the other hand; whereas, although, but at the same time, meanwhile, in turn; just keeps, being inclined to ..., tending to be ..., tending to do ..., continuously ..., just keeps on ...ing, only"
"何時か","いつか","sometime, someday, one day, some time or other, the other day, in due course, in time"
"何時でも","いつでも, なんどきでも","always, all the time, at all times; (at) any time, whenever (you like)"
"何時までも","いつまでも","forever, eternally, for good, as long as one likes, indefinitely, endlessly, for a long time"
"何時も","いつも","always, all the time, at all times; never; usual, regular, habitual, customary"
"従兄弟","いとこ, じゅうけいてい","cousin (male)"
"移動","いどう","movement, transfer, migration, removal, travel; mobile, moving, traveling, travelling, roving"
"稲","いね, イネ","rice plant (Oryza sativa)"
"居眠り","いねむり","nodding off (while sitting), dozing"
"命","いのち","life, life force; lifetime, lifespan; most important thing, foundation, core; paired tattoos of the ""life"" kanji on the upper arms of a man and woman (indicating unwavering love); fate, destiny, karma"
"違反","いはん","violation, offense, offence, breach, transgression, infringement, contravention"
"衣服","いふく","clothes"
"居間","いま","living room (Western style), sitting room"
"今に","いまに","before long, even now"
"今にも","いまにも","at any moment (now), at any minute, on the verge of (doing), just about to"
"否","いや","no"
"以来","いらい","since, henceforth"
"依頼","いらい","request, commission, entrusting (with a matter); dependence, reliance"
"苛々","いらいら, イライラ","to get irritated, to get annoyed, to be on the edge, to fret, to lose patience"
"","いらっしゃい, いらしゃい","come, go, stay; welcome"
"医療","いりょう","medical treatment, medical care"
"岩","いわ","rock, boulder; crag"
"祝い","いわい, ゆわい","congratulation, congratulations, celebration, festival; congratulatory gift, present"
"祝う","いわう","to celebrate, to congratulate, to observe (a festival); to present (a gift) in celebration, to drink in celebration; to wish for (a happy future, good fortune, etc.), to pray for"
"言わば","いわば","so to speak, so to call it, as it were"
"所謂","いわゆる","what is called, what you call, what they call, so-called"
"","インク","ink"
"印刷","いんさつ","printing"
"印象","いんしょう","impression"
"引退","いんたい","retirement"
"引用","いんよう","quotation, citation, reference"
"","ウイスキー, ウィスキー, ウヰスキー, ウイスキ, ウィスキ","whisky, whiskey"
"伺う","うかがう","to call on someone, to call at a place, to pay a visit, to wait on someone; to ask, to inquire; to hear, to be told; to implore (a god for an oracle), to seek direction (from your superior); to speak to (a large crowd at a theatre, etc.)"
"受け取る","うけとる","to receive, to get, to accept; to take (someone's words or behaviour), to interpret, to understand"
"動かす","うごかす","to move, to shift, to stir, to budge, to change position; to inspire, to rouse, to move (e.g. feeling), to influence; to change, to alter, to deny; to operate, to set in motion, to get going; to mobilize (e.g. troops), to mobilise, to deploy; to manage (e.g. funds)"
"兎","うさぎ, う, ウサギ","rabbit, hare, coney, cony, lagomorph (esp. leporids)"
"牛","うし, ぎゅう, ウシ","cattle (Bos taurus), cow, bull, ox, calf; beef; Chinese ""Ox"" constellation (one of the 28 mansions)"
"失う","うしなう","to lose; to miss (a chance, opportunity); to lose (a loved one), to be bereaved of; to concede (goals, points, etc.)"
"後ろ","うしろ","back, behind, rear"
"嘘","うそ, ウソ","lie, fib, falsehood, untruth; mistake, error; unwise move, bad decision; no way!, unbelievable!, really?!"
"疑う","うたがう","to doubt, to distrust, to be suspicious of, to suspect"
"内","うち","inside, within; while (e.g. one is young), during, within (e.g. a day), in the course of; among, amongst, (out) of, between; in (secret, chaos, poverty, etc.), amidst, with (e.g. success); within oneself, one's feelings, inner thoughts; we, our company, our organization; one's home, one's family; my spouse, my husband, my wife; signed on behalf of (husband's name) by his wife; I, me; imperial palace grounds; emperor"
"宇宙","うちゅう","universe, cosmos, space"
"訴える","うったえる","to raise, to bring to (someone's attention); to appeal to (reason, emotions, etc.), to work on (one's emotions), to play on (one's sympathies); to complain; to sue (a person), to take someone to court; to resort to (e.g. arms, violence)"
"討つ","うつ","to attack, to destroy, to defeat, to conquer, to avenge"
"移す","うつす","to transfer (to a different place, group, etc.), to change, to swap, to substitute; to move to the next stage (of a plan, etc.); to divert (one's attention) to; to spend (time), to let (time) pass; to infect; to permeate something (with a color, smell, etc.)"
"唸る","うなる","to groan, to moan; to roar, to howl, to growl; to hum (engine, wind, etc.), to buzz, to whiz, to sough, to make a low, dull sound; to ooh and aah (in admiration); to sing in a strong, low voice (esp. traditional chant or recitation); to be about to burst, to overflow"
"奪う","うばう","to take (by force), to take away, to snatch, to steal, to rob (someone) of, to dispossess of, to deprive of, to usurp; to absorb (one's attention), to fascinate, to captivate, to charm, to dazzle"
"馬","うま, ウマ","horse; horse racing; promoted bishop; knight (court card in mekuri karuta and unsun karuta)"
"上手い","うまい","skillful, skilful, skilled, good, expert, clever (expression, trick, etc.), apt, appropriate; delicious, tasty, good, nice; good (deal, idea, etc.), profitable, promising, lucky, fortunate, successful, satisfactory, splendid"
"生まれ","うまれ","birth, birthplace; born in (country, month, imperial era, zodiac year, etc.)"
"梅","うめ, むめ, ウメ","Japanese apricot (Prunus mume), Japanese plum, ume, Chinese plum; lowest (of a three-tier ranking system)"
"裏切る","うらぎる","to betray, to turn traitor (to), to double-cross, to go back on, to be unfaithful (to); to disappoint, to let down"
"得る","うる","to be able to ..., can ...; to get, to acquire, to obtain, to procure, to earn, to win, to gain, to secure, to attain"
"煩い","うるさい, ウルサイ","noisy, loud; annoying, troublesome, tiresome, persistent, importunate; fussy, finicky, picky, particular, nagging, fastidious, bossy; shut up, be quiet"
"嬉しい","うれしい","happy, glad, pleased, delighted, overjoyed; joyful, delightful, gratifying, pleasant"
"売れる","うれる","to sell (well); to be well known, to be popular, to be famous"
"上","うわ","upper, upward, outer, surface, top"
"噂","うわさ","rumour, rumor, report, hearsay, gossip, common talk"
"運","うん","fortune, luck, chance"
"運転","うんてん","operation (of a machine), running, working; driving (a vehicle); use (of capital, funds, etc.), management, investment"
"運動","うんどう","exercise, physical training, workout, sports, athletics; appeal, campaign, drive, crusade, movement, lobbying; motion, movement"
"柄","え","handle, grip; stalk (of a mushroom, leaf, etc.)"
"永遠","えいえん","eternity, perpetuity, permanence, immortality"
"永久","えいきゅう","eternity, permanence, perpetuity; Eikyū era (1113.7.13-1118.4.3)"
"影響","えいきょう","influence, effect, impact"
"営業","えいぎょう","business, trade, operations; sales"
"衛星","えいせい","(natural) satellite, moon; (artificial) satellite"
"栄養","えいよう","nutrition, nourishment"
"笑顔","えがお","smiling face, smile"
"描く","えがく, かく","to draw, to paint, to sketch; to depict, to describe; to picture in one's mind, to imagine; to form a certain shape (e.g. path of an action, appearance of an object, etc.)"
"餌","えさ, え, エサ","(animal) feed, fodder, pet food; bait, lure, enticement"
"","エネルギー, エネルギ","energy; energy, strength, power, stamina, get-up-and-go; energy source, energy resource; food energy, calories"
"得る","える","to get, to earn, to acquire, to procure, to gain, to secure, to attain, to obtain, to win; to understand, to comprehend; to receive something undesirable (e.g. a punishment), to get (ill); to be able to ..., can ..."
"円","えん","yen (Japanese monetary unit); circle"
"延期","えんき","postponement, deferment, adjournment"
"演技","えんぎ","acting, performance"
"援助","えんじょ","assistance, aid, support"
"","エンジン","engine"
"演説","えんぜつ","speech, address"
"演奏","えんそう","musical performance"
"遠慮","えんりょ","reserve, constraint, restraint, modesty, diffidence, hesitation, holding back, discretion, tact, thoughtfulness; declining, refraining; forethought, foresight"
"御","お, おん","honorific/polite/humble prefix"
"老い","おい","old age, old person, the old, the aged"
"追いつく","おいつく","to catch up (with), to draw level, to pull even, to reach; to be compensated, to make up for one's losses"
"追う","おう","to chase, to run after, to pursue, to follow after; to follow (a set order, a trend, etc.); to drive out, to get rid of, to oust, to expel; to drive (e.g. a herd); to be pressed (e.g. for time)"
"王","おう","king, ruler, sovereign, monarch; tycoon, magnate, champion, master; king (of the senior player)"
"王様","おうさま","king"
"王子","おうじ","prince; subordinate Kumano shrine"
"応じる","おうじる","to respond, to satisfy, to accept, to comply with, to apply for"
"横断","おうだん","crossing (a road, river, etc.), cutting through (e.g. of a river through a town), cutting across, intersecting (e.g. a railway track); crossing (east-west), traversing, travelling across, flying across (e.g. the Pacific), sailing across; cutting horizontally, sectioning laterally"
"終える","おえる","to finish; to graduate"
"大いに","おおいに","very, very much, greatly, considerably, highly, exceedingly, a great deal, a lot, to one's heart's content"
"覆う","おおう","to cover, to hide, to conceal, to wrap, to disguise"
"大家","おおや","landlord, landlady"
"丘","おか","hill, height, knoll, rising ground; bonus points awarded to the winner at the end of a game"
"沖","おき","open sea; Okinawa"
"奥","おく","inner part, interior, back (of a drawer, one's throat, etc.), depths (e.g. of a forest), recesses (e.g. of a cave), heart, end (of a road, garden, etc.); living quarters (at the back of a house), inner room; recesses (of one's mind), bottom (of one's heart), behind (someone's words), mysteries (of an art)"
"贈る","おくる","to give (as a gift), to present; to confer, to bestow, to award"
"起こる","おこる","to occur, to happen"
"幼い","おさない","very young, little; childish, immature"
"収める","おさめる","to put (into), to put away (in), to put back (in), to keep (in), to store (in), to restore (to its place); to include (in an anthology, catalogue, etc.), to contain, to publish (in), to capture (on film); to achieve (results, success, etc.), to obtain, to get, to gain, to win, to make (a profit); to pay (fees, taxes, etc.), to deliver, to supply; to accept (a gift or money); to keep (within a limit); to offer (to a shrine, deity, etc.), to dedicate; to subdue, to suppress, to settle; to finish, to conclude, to wind up, to bring to a close"
"お喋り","おしゃべり","chattering, talk, idle talk, chat, chitchat, gossip; chatty, talkative, chatterbox, blabbermouth"
"お祖父さん","おじいさん","grandfather; male senior-citizen, old man"
"汚染","おせん","pollution, contamination"
"恐らく","おそらく","probably, (most) likely, in all likelihood, I suspect, I dare say, I'm afraid"
"恐れる","おそれる","to fear, to be afraid of"
"恐ろしい","おそろしい","terrible, dreadful, terrifying, frightening; surprising, startling, tremendous, amazing"
"お互い","おたがい","each other, one another"
"穏やか","おだやか","calm, quiet, gentle, peaceful, mild; moderate, reasonable, amicable"
"男の人","おとこのひと","man"
"劣る","おとる","to be inferior to, to be less good at, to fall behind"
"お腹","おなか","belly, abdomen, stomach"
"鬼","おに, き","ogre, demon, oni; spirit of a deceased person; ogre-like person (i.e. fierce, relentless, merciless, etc.); it (in a game of tag, hide-and-seek, etc.); Chinese ""ghost"" constellation (one of the 28 mansions); very, extremely, super-"
"お昼","おひる","lunch; noon, midday; daytime; waking up, getting up, rising"
"帯","おび","obi (kimono sash); obi (strip of paper looped around a book, CD, etc. containing information about the product); band, belt, strip; cingulum; radio or television program broadcast in the same time slot on all or most days"
"","オフィス, オフイス","office"
"溺れる","おぼれる","to struggle in the water, to sink below the surface and become unable to breathe, to (nearly) drown; to indulge in, to lose one's head over something, to be addicted, to wallow in"
"お前","おまえ, おまい","you; before (a god, nobleman, etc.), in front of"
"御目出度う","おめでとう","congratulations!, well done!, best wishes!, all the best!"
"お目にかかる","おめにかかる","to meet (someone of higher status); to be recognized (esp. by someone of higher status), to be visible, to be seen, to be noticed"
"思い出","おもいで","memories, recollections, reminiscence"
"主に","おもに","mainly, primarily, mostly, largely, chiefly"
"思わず","おもわず","unconsciously, involuntarily, instinctively, reflexively, spontaneously, unintentionally, in spite of oneself"
"親","おや","parent, parents, mother and father; dealer, banker; founder, inventor; (pet) owner; key, parent (organization), main; ancestor, forefather"
"泳ぎ","およぎ","swimming"
"凡そ","およそ","about, roughly, approximately; generally, on the whole, as a rule; completely, quite, entirely, altogether, totally, not at all (with neg. verb); outline, gist"
"及ぼす","およぼす","to exert (influence), to exercise, to cause (e.g. damage), to do (e.g. harm), to bring about (e.g. benefits), to extend, to have an effect (on)"
"居る","おる","to be (animate), to be, to exist; to be ...-ing; to (have the audacity to) do"
"下ろす","おろす","to take down, to bring down, to lower (a hand, flag, shutter, etc.), to drop (an anchor, curtain, etc.), to let down (hair), to launch (a boat); to drop off (a passenger), to let off, to unload (goods, a truck, etc.), to offload, to discharge; to withdraw (money); to use for the first time, to wear for the first time; to cut off, to fillet (fish), to grate (e.g. radish), to prune (branches); to remove (someone from a position), to oust, to drop; to clear (the table), to remove (offerings from an altar), to pass down (e.g. old clothes), to hand down; to expel from the body (e.g. worms), to abort (a fetus); to invoke (a spirit), to call down"
"終わり","おわり","end, ending, close, conclusion; end of (one's) life, death"
"音","おん","sound, noise; (speech) sound; Chinese-derived reading of a kanji"
"恩","おん","favour, favor, obligation, debt of gratitude"
"温暖","おんだん","warm, mild, temperate"
"温度","おんど","temperature"
"","オーバー, オーバ","overcoat; exceeding, going over, going beyond; exaggerated, overdone, over the top; over par; overexposure"
"可","か","acceptable, satisfactory, allowed, permitted; approval, being in favour, (a) vote in favour, aye; Pass (grade), Fair, C, D"
"課","か","lesson; section (in an organization), division, department; counter for lessons and chapters (of a book)"
"会","かい","meeting, assembly, party, gathering, conference, athletic meet; society, association, club"
"回","かい","counter for occurrences; a time, an instance; inning (baseball), round, game; episode, chapter, instalment; Hui (people); Islam"
"会員","かいいん","member, the membership"
"絵画","かいが","painting, picture"
"海外","かいがい","foreign, abroad, overseas"
"会計","かいけい","accounting, finance, account, reckoning; bill (at a restaurant), check; accountant, treasurer, paymaster, cashier; settlement (of a bill, fee, etc.), payment; economic condition"
"解決","かいけつ","settlement, solution, resolution"
"会合","かいごう","meeting, assembly, gathering; association; conjunction"
"開始","かいし","start, commencement, beginning, initiation"
"解釈","かいしゃく","interpretation, explanation, reading, construction"
"改善","かいぜん","betterment, improvement; kaizen (Japanese business philosophy of continuous improvement)"
"快適","かいてき","pleasant, agreeable, comfortable"
"回復","かいふく","restoration, recovery, rehabilitation, return, improvement; recovery (from an illness), recuperation, convalescence"
"飼う","かう","to keep (a pet or other animal), to have, to own, to raise, to rear, to feed"
"替える","かえる","to replace, to convert, to change; to exchange, to interchange, to renew; to substitute (person, staff member, player, etc.)"
"香り","かおり","aroma, fragrance, scent, smell"
"抱える","かかえる","to hold in one's arms, to carry in one's arms, to carry under one's arm, to hold (one's head) in one's hands; to have (problems, debts, etc.), to take on (a responsibility), to be burdened with (e.g. care of a family member), to have (children, etc.) to provide for; to employ, to have (on one's staff), to hire"
"価格","かかく","price, value, cost"
"係","かかり","charge, duty, person in charge, official, clerk; connection, linking"
"掛かる","かかる","to take (a resource, e.g. time or money); to hang; to come into view, to arrive; to come under (a contract, a tax); to start (engines, motors); to attend, to deal with, to handle; to have started to, to be on the verge of; to overlap (e.g. information in a manual), to cover; to (come) at; to be fastened; to be covered (e.g. with dust, a table-cloth, etc.); to be caught in; to get a call; to depend on; to begin (a task), to set about (doing), to get down to"
"罹る","かかる","to contract (a disease), to suffer from"
"化学","かがく, ばけがく","chemistry"
"輝く","かがやく","to shine, to sparkle, to twinkle, to glitter, to glisten; to light up (with happiness, hope, etc.), to beam, to gleam, to glow"
"鍵","かぎ, カギ","key; lock; key (to a problem, success, etc.), clue"
"限る","かぎる","to restrict, to limit, to confine; to be restricted to, to be limited to, to be confined to; to be best (for), to be the best plan, to be the only way (to)"
"覚悟","かくご","readiness, (mental) preparedness; resolution, determination; resignation (to one's fate)"
"確実","かくじつ","certain, sure, definite, reliable, sound, solid, safe, secure"
"隠す","かくす","to hide, to conceal"
"拡大","かくだい","expansion, extension; magnification, enlargement; escalation, spread"
"確認","かくにん","confirmation, verification, validation, review, check, affirmation, identification"
"隠れる","かくれる","to hide, to conceal oneself, to take cover; to disappear (behind), to be hidden (by), to be covered, to go out of sight; to live in seclusion, to retire (from the world); to be unknown (e.g. of a talent), to be undiscovered, to be hidden (e.g. of a meaning); to pass away (of a person of high position)"
"家具","かぐ","furniture"
"欠ける","かける","to chip, to be chipped, to break (off), to be damaged; to be missing (from a set, team, etc.), to be absent, to become lost; to be lacking (in), to be short (of), to be deficient, to be wanting (in); to wane (of the moon), to go into eclipse"
"陰","かげ","shade, shadow; behind (something), other side, back; the background, behind the scenes, behind someone's back; gloom (in someone's expression, nature, etc.), darkness"
"影","かげ","shadow, silhouette, figure, shape; reflection, image; ominous sign; light (stars, moon); trace, shadow (of one's former self); behind, background, other side"
"加減","かげん","degree, extent, amount, balance, state, condition; (health) condition, state of health; adjustment, moderation, regulation; addition and subtraction; slight sign of ..., slight state of ...; just right for ..."
"過去","かこ","the past, bygone days; one's past (that one would prefer remained secret); past (tense), preterit, preterite; previous life"
"囲む","かこむ, かごむ","to surround, to encircle, to enclose, to fence, to wall in; to besiege, to lay siege to; to play (go, shogi, etc.)"
"籠","かご, カゴ","basket (shopping, etc.), hamper, cage"
"火災","かさい","conflagration, fire"
"菓子","かし","confectionery, sweets, candy, cake"
"貸し","かし","loan, lending, hire, rental, lease; favor, favour, debt, obligation; creditor, method of lending, credit side"
"賢い","かしこい","wise, clever, smart; well-behaved (esp. children and pets), obedient, good"
"歌手","かしゅ","singer"
"家事","かじ","housework, domestic chores; family affairs, household matters"
"数","かず","number, amount"
"稼ぐ","かせぐ","to earn (income), to make (money); to score (points, victory), to gain (time), to play (for time); to work hard (at one's job), to labor, to labour, to toil"
"数える","かぞえる","to count, to enumerate"
"型","かた, がた","type, style, model, pattern; mold, mould, model, pattern, template, impression; kata (set sequence of positions and movements in martial arts), style (in kabuki, noh, etc.), form; convention, tradition, (standard) form, formula, usage; (set) size, inches (in sizes of displays, disks, image sensors, etc.); (taxonomical) form"
"肩","かた","shoulder"
"硬い","かたい","hard, solid, tough; stiff, tight, wooden, unpolished (e.g. writing); strong, firm (not viscous or easily moved); safe, steady, honest, steadfast; obstinate, stubborn; bookish, formal, stuffy"
"方々","かたがた","people, (all) persons, everyone, ladies and gentlemen; you (usu. plural)"
"刀","かたな, とう","sword (esp. Japanese single-edged), katana; scalpel; chisel, burin, graver; knife money (knife-shaped commodity money used in ancient China)"
"語る","かたる","to talk about, to speak of, to tell, to narrate; to recite, to chant; to indicate, to show"
"勝ち","かち","win, victory"
"価値","かち","value, worth, merit"
"活気","かっき","energy, vigour, vigor, liveliness, spirit, life, animation"
"格好","かっこう, かっこ, カッコ","shape, form, figure, posture, pose; appearance, style; state, situation; suitable, fit, reasonable; about"
"活動","かつどう","activity (of a person, organization, animal, volcano, etc.), action, operation; moving picture"
"活用","かつよう","practical use, application, making good use of, putting to good use, capitalizing on; conjugation, inflection"
"悲しむ","かなしむ","to be sad, to mourn for, to regret"
"必ずしも","かならずしも","(not) always, (not) necessarily, (not) entirely, (not) all"
"可也","かなり","considerably, fairly, quite, rather, pretty"
"金","かね, かな","money; metal"
"金持ち","かねもち","rich person, wealthy person"
"可能","かのう","possible, potential, practicable, feasible"
"株","かぶ","stock, share; stump; (clump of) roots, plant with attached roots or stem; strain (of bacteria, etc.); stock company, corporation, kabushiki kaisha, KK; goodwill (of a business), privilege (that comes with a role); reputation, standing, popularity; one's forte"
"被る","かぶる, かむる","to put on (one's head), to wear, to have on, to pull over (one's head), to crown (oneself); to be covered with (dust, snow, etc.), to pour (water, etc.) on oneself, to dash on oneself, to ship water; to bear (e.g. someone's debts, faults, etc.), to take (blame), to assume (responsibility), to shoulder (burden); to overlap (e.g. sound or color); to be similar, to be redundant; to be fogged (due to overexposure, etc.); to close, to come to an end; to get a full house, to sell out; to blunder, to bungle, to fail; to be deceived"
"構う","かまう","to mind, to care about, to be concerned about, to have a regard for; to be an issue, to matter, to create inconvenience; to keep company, to care for, to look after, to entertain, to pay attention to, to spend time with; to interfere with, to meddle in; to tease; to banish, to prohibit"
"神","かみ","god, deity, divinity, spirit, kami; incredible, fantastic, amazing; Emperor (of Japan); thunder"
"上","かみ","upper reaches (of a river), upper stream; top, upper part, upper half (of the body); long ago; beginning, first; person of high rank (e.g. the emperor); government, imperial court; imperial capital (i.e. Kyoto), capital region (i.e. Kansai), region (or direction of) the imperial palace; head (of a table); wife, mistress (of a restaurant)"
"雷","かみなり, いかずち, らい, いかづち","lightning, thunder, thunderbolt; god of thunder, god of lightning; anger, fit of anger"
"髪の毛","かみのけ","hair (on the head), (a) hair"
"科目","かもく","(school) subject, curriculum, course; item, heading, entry"
"かも知れない","かもしれない","may, might, perhaps, may be, possibly"
"火曜","かよう","Tuesday"
"空","から, カラ","emptiness, being empty; not carrying anything, unburdened, empty-handed; dishonoured (bill, promise, etc.), false, no-show (reservation), put-on (cheeriness, courage, etc.), empty (compliments), insincere"
"刈る","かる","to cut (grass, hair, etc.), to mow, to clip, to trim, to prune, to shear, to reap, to harvest"
"彼ら","かれら","they, them"
"革","かわ","leather"
"川","かわ, がわ","river, stream; River, the ... river"
"皮","かわ","skin, hide, pelt, fur; rind, peel, husk, bark; shell, sheath, wrapping; mask (hiding one's true nature), seeming"
"可哀想","かわいそう","poor, pitiable, pathetic, pitiful"
"可愛らしい","かわいらしい","lovely, sweet, pretty, cute, adorable"
"缶","かん, カン","can, tin; canned food"
"管","かん, くだ","pipe, tube"
"勘","かん","perception, intuition, the sixth sense"
"感覚","かんかく","sense, sensation, feeling, intuition"
"考え","かんがえ","thinking, thought, view, opinion, concept; idea, notion, imagination; intention, plan, design; consideration, judgement, deliberation, reflection; wish, hope, expectation"
"観客","かんきゃく, かんかく","spectator, audience"
"環境","かんきょう","environment, surroundings, circumstances"
"歓迎","かんげい","welcome, (warm) reception"
"観光","かんこう","sightseeing, tourism"
"観察","かんさつ","observation, survey, watching"
"感謝","かんしゃ","thanks, gratitude, appreciation, thankfulness"
"感心","かんしん","admiration, being impressed; admirable, praiseworthy; astonishment, being appalled"
"関心","かんしん","concern, interest"
"感じ","かんじ","feeling, sense, impression"
"患者","かんじゃ","patient"
"勘定","かんじょう","calculation, computation, counting, reckoning, count; bill, check, account, payment (of a bill), settlement (of an account); consideration, allowance"
"感情","かんじょう","emotion, feeling, feelings, sentiment"
"感じる","かんじる","to feel, to sense, to experience; to be moved (by), to be touched (by), to be impressed (by), to respond (to); to become infected with (an illness), to catch"
"関する","かんする","to concern, to be related"
"完成","かんせい","completion, perfection, accomplishment"
"完全","かんぜん","perfect, complete"
"監督","かんとく","supervision, control, superintendence, direction; director, superintendent, supervisor, coach, foreman, manager, overseer, controller, boss"
"感動","かんどう","being deeply moved emotionally, excitement, passion, inspiration, deep emotion, strong impression"
"管理","かんり","control, management (e.g. of a business)"
"完了","かんりょう","completion, conclusion; perfect (tense)"
"関連","かんれん","relation, connection, relevance"
"","カー","car"
"","カード","curd"
"害","がい","injury, harm, evil influence, damage"
"外交","がいこう","diplomacy; selling (e.g. door-to-door), canvassing"
"外出","がいしゅつ, そとで","going out, outing, leaving (one's home, office, etc.)"
"画家","がか","painter, artist"
"学","がく","learning, scholarship, study, erudition, knowledge, education; study of ..., -ology, -ics"
"額","がく","(picture) frame, framed picture; amount (esp. of money), sum"
"学者","がくしゃ","scholar, academic, scientist; learned person, person of learning"
"学習","がくしゅう","learning, study"
"学問","がくもん","study, scholarship, learning, education, knowledge; discipline, branch of learning, (a) science"
"","がっかり, ガッカリ","to be disappointed, to be dejected, to be downhearted, to be discouraged, to be disheartened, to lose heart, to feel let down; to feel exhausted, to feel drained"
"学期","がっき","school term, semester"
"我慢","がまん, ガマン","endurance, patience, perseverance, bearing (with something); self-control, self-restraint"
"柄","がら","pattern, design; body build, figure, physique; essential qualities, character, nature; appropriate to, fitting of, suitable for"
"含嗽","がんそう, うがい","gargling, rinsing one's mouth"
"記憶","きおく","memory, recollection, remembrance; memory, storage"
"気温","きおん","(air) temperature"
"機械","きかい","machine, mechanism; instrument, appliance, apparatus"
"期間","きかん","period, term, interval"
"機関","きかん","engine; agency, organisation, organization, institution, organ, body; system, facility, facilities"
"企業","きぎょう","enterprise, business, company, corporation"
"効く","きく","to be effective, to take effect, to be good (for); to work, to function well; to be possible (to do, use, etc.), to be able to; to taste (alcohol), to try"
"機嫌","きげん","humour, humor, temper, mood, spirits; safety, health, well-being, one's situation; in a good mood, in high spirits, happy, cheery, merry, chipper"
"気候","きこう","climate"
"岸","きし","bank, coast, shore"
"記者","きしゃ","reporter, journalist"
"生地","きじ","cloth, fabric, material, texture; dough, batter; inherent quality, one's true character, one's true colours; unglazed pottery; skin with no make-up; uncoated metal"
"記事","きじ","article, news story, report, account"
"傷","きず, キズ","wound, injury, cut, gash, bruise, scratch, scrape, scar; chip, crack, scratch, nick; flaw, defect, weakness, weak point; stain (on one's reputation), disgrace, dishonor, dishonour; (emotional) hurt, hurt feelings"
"期待","きたい","expectation, anticipation, hope; promising, rising, up-and-coming"
"帰宅","きたく","returning home, going home, coming home, getting home"
"貴重","きちょう","precious, valuable"
"","きちんと","properly, accurately, exactly, precisely, regularly; neatly, tidily, orderly"
"","きつい, キツイ, キツい","tough, hard, severe, demanding, harsh; determined, strong-minded, forceful, formidable, fierce; strong (e.g. sunlight, alcohol), severe, intense; (too) tight, constricting, close; extreme, unusually strong"
"気づく","きづく, きずく","to notice, to realize, to realise, to become aware (of), to perceive, to sense, to suspect; to regain consciousness, to come to (one's senses), to come round"
"気に入る","きにいる","to like, to be pleased with, to be delighted with, to take a liking to, to suit one's fancy"
"記入","きにゅう","entry (in a form, register, diary, etc.), filling in, filling out"
"記念","きねん","commemoration, celebration, remembrance, memory, honoring the memory of; memento, souvenir, keepsake"
"機能","きのう","function, facility, faculty, feature"
"気の毒","きのどく","pitiful, unfortunate, poor, miserable, wretched; unpardonable, regrettable"
"寄付","きふ","contribution, donation"
"基本","きほん","basics, fundamentals, basis, foundation"
"希望","きぼう","hope, wish, aspiration; (bright) prospects, expectation"
"決まり","きまり","rule, regulation; settlement, conclusion, end, agreement, arrangement; habit, custom, habitual way; countenance in front of another person, face; love relationship between a customer and a prostitute"
"気味","きみ, きび","sensation, feeling; tendency, propensity"
"奇妙","きみょう","strange, odd, peculiar, queer, curious"
"","キャプテン","captain"
"","キャンプ","camp, camping"
"旧","きゅう","old, former, ex-; the old, old things, old customs; old times, bygone days; Japan's old (lunisolar) calendar"
"球","きゅう","sphere, globe, ball, bulb; ball, sphere; counter for pitches"
"九","きゅう, く, ここの, この, ここ","nine, 9"
"級","きゅう","(school) grade, year, class; class, grade, rank, level; kyu (junior rank in martial arts, go, shogi, etc.)"
"休暇","きゅうか","holiday, vacation, day off, time off, leave, furlough"
"休憩","きゅうけい","rest, break, recess, intermission"
"急激","きゅうげき","sudden, abrupt, rapid, sharp, drastic, radical"
"吸収","きゅうしゅう","absorption, suction, attraction"
"救助","きゅうじょ","relief, aid, rescue"
"急速","きゅうそく","rapid (e.g. progress)"
"急に","きゅうに","swiftly, rapidly, quickly, immediately, hastily, hurriedly; suddenly, abruptly, unexpectedly; sharply (of a slope, bend, etc.), steeply"
"給料","きゅうりょう","salary, wages, pay"
"今日","きょう, こんにち, こんち, こんじつ","today, this day; these days, recently, nowadays"
"教科書","きょうかしょ","textbook, coursebook, schoolbook"
"供給","きょうきゅう","supply, provision"
"競技","きょうぎ","game, match, contest, competition, sport, (sporting) event"
"教師","きょうし","teacher, instructor"
"教授","きょうじゅ","professor; teaching, instruction"
"強調","きょうちょう","emphasis, stress, highlighting, underlining, underscoring; accentuating (a feature or certain part), accenting; strong tone (of the market), firm tone"
"共通","きょうつう","common, shared, mutual; to be common (to), to be shared (by); -wide"
"共同","きょうどう","cooperation, collaboration, association, partnership, (acting in) unison; community, communal use, common possession, sharing"
"恐怖","きょうふ, くふ","fear, dread, dismay, terror, horror, scare, panic"
"協力","きょうりょく","cooperation, collaboration, help, support"
"強力","きょうりょく","powerful, strong"
"許可","きょか","permission, approval, authorization, license"
"局","きょく","bureau, department; office (e.g. post, telephone), broadcasting station (e.g. television, radio), channel, exchange; affair, situation; game (of go, shogi, etc.)"
"巨大","きょだい","huge, gigantic, enormous"
"器用","きよう","skillful, skilful, adroit, dexterous, dextrous, deft, nimble, handy; clever, shrewd, ingenious"
"嫌う","きらう","to hate, to dislike, to loathe"
"霧","きり","fog, mist; spray"
"切れ","きれ","piece, slice, strip, scrap; cloth; sharpness; agility; counter for scraps, pieces, etc."
"切れる","きれる","to break, to snap, to be cut, to split, to crack; to be injured; to wear out, to be worn out; to break, to burst, to collapse; to wear off, to stop working, to go dead; to expire (time limit, etc.), to run out, to become due; to run out (of stock, etc.), to be exhausted, to be used up, to be sold out, to be out of; to be broken off (e.g. of a relationship), to break up, to have severed ties, to be cut off, to be disconnected; to cut well, to be sharp; to be sharp-minded, to be keen, to be shrewd, to be quick-witted, to be able; to be short of, to drop under (a certain figure), to beat (e.g. a record time); to dry off; to curve, to veer; to shuffle (cards); to get angry, to snap, to blow one's top, to lose one's temper, to flip; to be able to do completely"
"","キロ","kilo-, 1000; kilogram, kilogramme; kilometre, kilometer; kilo-, 1024, 2^10"
"記録","きろく","record, document, minutes, recording, putting on record, keeping a record (of), writing down; record (e.g. in sports), setting (a record), recording (a record high, etc.)"
"金","きん","gold (metal); gold (color); gold (medal), first place (prize); something of great value, something golden (e.g. silence); money, gold coin; sum (of money); Friday; karat (measure of purity of gold), carat; metal (fourth phase of Wu Xing); Jin dynasty (of China; 1115-1234), Chin dynasty, Jurchen dynasty; gold general; testicles"
"禁煙","きんえん","abstaining from smoking, quitting smoking; prohibition of smoking; No Smoking, Smoking Prohibited"
"金額","きんがく","amount of money, sum"
"金庫","きんこ","safe, strongbox, cashbox, vault, strongroom; depository, cash office, treasury, provider of funds"
"禁止","きんし","prohibition, inhibition, ban"
"金銭","きんせん","money, cash"
"金属","きんぞく","metal"
"近代","きんだい","present day, modern times, recent times; early modern period (in Japan, usu. from the Meiji Restoration until the end of World War II)"
"緊張","きんちょう","tension, strain, nervousness, stress; tensions (between countries, groups, etc.); tonus, muscle tone"
"筋肉","きんにく","muscle"
"金融","きんゆう","finance, financing, credit transacting, loaning of money, circulation of money; monetary, financial, credit"
"金曜","きんよう","Friday"
"議員","ぎいん","member of an assembly, member of the Diet, member of parliament, member of Congress"
"議会","ぎかい","congress, parliament, diet, legislative assembly"
"技師","ぎし","engineer, technician"
"議長","ぎちょう","chair, chairman, chairperson, speaker (of an assembly), president (of a council, senate, etc.)"
"義務","ぎむ","duty, obligation, responsibility"
"疑問","ぎもん","doubt, question, suspicion, dubiousness"
"逆","ぎゃく","reverse, opposite; converse (of a hypothesis, etc.); inverse (function)"
"行儀","ぎょうぎ","manners, behavior, behaviour"
"議論","ぎろん","argument, discussion, dispute, controversy"
"銀","ぎん","silver (Ag); silver (color); silver (medal, prize, etc.); silver coin; silver general; bank; money"
"句","く","section (i.e. of text), sentence, passage, paragraph; phrase; verse (of 5 or 7 mora in Japanese poetry; of 4, 5, or 7 characters in Chinese poetry); haiku, first 17 morae of a renga, etc.; maxim, saying, idiom, expression; clause (e.g. in a database query language)"
"食う","くう","to eat; to live, to make a living, to survive; to bite, to sting (as insects do); to tease, to torment, to taunt, to make light of, to make fun of; to encroach on, to eat into, to consume; to defeat a superior, to threaten a position; to consume time, to consume resources; to receive something (usu. an unfavourable event); to have sexual relations with a woman, esp. for the first time"
"臭い","くさい, くせー, くっせー","stinking, smelly; suspicious, fishy; hammy (acting), over-the-top, cheesy; clumsy, unskilled; (overly) gamey, strong-tasting; smelling of; looking like, appearing like, smacking of, -ish"
"鎖","くさり","chain, chains"
"腐る","くさる","to rot, to go bad, to decay, to spoil, to fester, to decompose, to turn sour (e.g. milk); to corrode, to weather, to crumble; to become useless, to blunt, to weaken (from lack of practice); to become depraved, to be degenerate, to be morally bankrupt, to be corrupt; to be depressed, to be dispirited, to feel discouraged, to feel down; to have the audacity to, to be bastard enough to; to lose a bet; to be drenched, to become sopping wet"
"癖","くせ, へき, クセ","habit (usu. a bad one), tendency; peculiarity, idiosyncrasy, mannerism, quirk; crease, wrinkle, curl, kink"
"下さる","くださる","to give, to confer, to bestow; to kindly do for one, to oblige, to favour, to favor"
"下り","くだり","down-train, train heading toward the ending point of its route; down-slope, downward going; downbound (esp. away from Tokyo); downstream, downhill"
"苦痛","くつう","pain, agony, suffering, distress, torment"
"区別","くべつ","distinction, differentiation, discrimination, difference"
"組合","くみあい","association, union, guild"
"組","くみ","class (of students); group (of people), party, team, crew; lot, bunch, set; crime family, organized-crime syndicate; set (of items), assortment, deck (of cards), pack; typesetting, composition"
"組む","くむ","to cross (legs or arms), to link (arms); to put together, to construct, to assemble, to produce (e.g. TV program); to braid, to plait; to grapple, to wrestle; to unite, to join, to link up, to form an alliance; to set (e.g. type); to issue (e.g. money order)"
"曇り","くもり","cloudiness, cloudy weather; fog (on a mirror, glasses, etc.), cloud (e.g. in marble), blur, mist, shadow, dimness; gloom, dejection"
"位","くらい","throne, crown, (nobleman's) seat; government position, court rank; social standing, rank, class, echelon, rung; grade (of quality, etc.), level, tier, rank; position of a figure (e.g. tens, thousands), digit, (decimal) place"
"暮らし","くらし, ぐらし","(way of) life, living, livelihood, life circumstances"
"","クラシック, クラッシック, クラッシク","classical music; classic, classical; classic (work), the classics"
"暮らす","くらす","to live, to get along; to spend (time)"
"繰り返す","くりかえす","to repeat, to do over again"
"","クリスマス","Christmas"
"","クリーム","cream; ice cream"
"狂う","くるう","to go mad, to lose one's mind, to go crazy, to go insane; to get out of order, to go amiss, to malfunction, to become imprecise; to go wrong (of a plan or expectation, etc.), to fall through, to get mixed up; to go crazy (over someone or something), to get enthusiastic, to go wild"
"苦しい","くるしい","painful, difficult, tough, hard; distressing, (psychologically) difficult, stressful, awkward (e.g. position); straitened (circumstances), tight (financial situation), needy, struggling; strained (interpretation, explanation, etc.), lame (e.g. excuse), forced (e.g. smile), far-fetched; hard to do, unpleasant"
"苦しむ","くるしむ","to suffer, to groan, to be worried"
"暮れ","くれ","sunset, sundown, nightfall, dusk; end, close; year-end, end of the year"
"苦労","くろう","trouble, hardship, difficulty, labour, labor, toil, pains; anxiety, worry, concern, cares"
"加える","くわえる","to add, to add up, to sum up, to append, to annex; to increase, to gather (e.g. speed), to pick up; to include, to count in, to let join; to inflict (damage), to deal, to give"
"詳しい","くわしい","detailed, full, minute; knowing very well, knowledgeable (about), well-acquainted (with), well-informed (about), familiar (with)"
"加わる","くわわる","to be added to, to be appended; to join in (e.g. a group of friends), to participate; to increase (e.g. heat), to gain in (e.g. influence), to grow, to gather (speed); to be applied (e.g. heat, pressure), to be exerted"
"訓","くん, くに","native Japanese reading of a Chinese character; precept, lesson, one's teachings"
"訓練","くんれん","training, drill, practice, discipline"
"偶然","ぐうぜん","coincidence, chance, accident, fortuity; by chance, unexpectedly, accidentally; contingency"
"具体","ぐたい","concreteness, embodiment"
"","ぐっすり, グッスリ","soundly (sleeping), fast (asleep)"
"","グラス","grass"
"","グランド","grand, large"
"","グループ","group (usu. of people)"
"軍","ぐん","army, armed forces, troops; military authorities; team, group, troupe"
"軍隊","ぐんたい","armed forces, military, troops"
"計","けい","plan; meter, measuring device; (in) total, total (of)"
"敬意","けいい","respect, honour, honor"
"経営","けいえい","management, administration, operation, running (a business), conducting"
"計画","けいかく","plan, project, schedule, scheme, program, programme"
"景気","けいき","business conditions, the market, economic activity, economic climate; good (economic) times, prosperity, boom; liveliness, energy, vigour, vigor, spirit"
"経験","けいけん","experience"
"傾向","けいこう","tendency, trend, inclination"
"警告","けいこく","warning, caution, admonition; keikoku (penalty in judo)"
"計算","けいさん","calculation, computation, reckoning, counting, adding up, working out, figures; consideration, calculation, estimation, expectation"
"掲示","けいじ","notice, bulletin, post, posting, placard"
"刑事","けいじ","(police) detective; criminal matter"
"契約","けいやく","contract, compact, agreement"
"経由","けいゆ, けいゆう","going through, going via, going by way of"
"怪我","けが, ケガ","injury, wound; mistake, accident, loss"
"化粧","けしょう, けわい, けそう","make-up, makeup, cosmetics; decoration, dressing, veneer"
"吝嗇","ケチ, けち","stinginess, miserliness, penny-pinching, miser, pinchpenny, skinflint, cheapskate, tightwad, niggard; shabby, cheap, mangy, poor, paltry; petty, narrow-minded, mean-spirited, small-minded; bad luck, ill omen, misfortune, jinx"
"結果","けっか","result, consequence, outcome, effect; as a result of ..., as a consequence of ..., after ..., following ...; bearing fruit, fruiting"
"欠陥","けっかん","defect, fault, flaw, deformity, deficiency, shortage, gap"
"結局","けっきょく","after all, in the end, ultimately, eventually; conclusion, end; end of a game of go, shogi, etc."
"決心","けっしん","determination, resolution"
"欠席","けっせき","absence, non-attendance"
"決定","けってい","decision, determination"
"欠点","けってん","fault, defect, flaw, weak point, weakness, shortcoming, drawback; failure (in an examination), failing grade"
"結論","けつろん","conclusion (of an argument, discussion, study, etc.); conclusion"
"煙","けむり, けむ, けぶ, けぶり","smoke, fumes"
"券","けん","ticket, coupon, bond, certificate"
"県","けん","prefecture (of Japan), county (of China, Taiwan, Norway, etc.), department (of France), province (of Italy, Spain, etc.)"
"軒","けん","counter for buildings (esp. houses); suffix for a pen name, stage name, etc."
"喧嘩","けんか, ケンカ","quarrel, brawl, fight, squabble, scuffle, argument"
"見解","けんかい","opinion, point of view"
"健康","けんこう","health; healthy, sound, fit, wholesome"
"検査","けんさ","inspection (e.g. customs, factory), examination, test, check, scan (e.g. MRI, PET), audit"
"建設","けんせつ","construction, establishment"
"建築","けんちく","construction, architecture (of buildings)"
"検討","けんとう","consideration, examination, investigation, study, scrutiny, discussion, analysis, review"
"見当","けんとう","estimate, guess, conjecture, aim; direction, bearings; registration mark (printing); approximately, about, around"
"憲法","けんぽう, けんぼう","constitution; rules, regulation"
"権利","けんり","right, privilege"
"","ケース","case (container); case (instance, situation); case"
"下","げ","lowness (of degree, value, etc.), inferiority; second volume (of two), third volume (of three)"
"芸術","げいじゅつ","art, the arts"
"劇","げき","drama, play; powerful drug"
"劇場","げきじょう","theatre, theater, playhouse"
"月曜","げつよう","Monday"
"限界","げんかい","limit, bound"
"現金","げんきん","cash, ready money, money on hand, currency; mercenary, self-interested, calculating"
"言語","げんご, ごんご, げんきょ","language"
"現在","げんざい","the present, present time, now; as of; present tense; this world, this life; to actually exist, to exist right now, to exist right in front of one"
"現象","げんしょう","phenomenon"
"現実","げんじつ","reality, actuality, hard fact"
"現状","げんじょう","present condition, existing state, status quo, current state"
"現代","げんだい","present age, present day, today; modern era, modern times"
"現場","げんば, げんじょう","actual spot, scene (of a crime, accident, etc.); (on) site, (on) the ground, (in) the field, job site; filming location, (movie) set"
"","ゲーム","game"
"恋","こい","(romantic) love"
"濃い","こい","deep (colour), dark; strong (flavour, smell, etc.); thick (consistency), dense; strong (possibility, etc.); thick (i.e. ""as thick as thieves""), close, deep (love, etc.)"
"恋人","こいびと","lover, sweetheart, boyfriend, girlfriend"
"幸運","こううん","good luck, fortune"
"講演","こうえん","lecture, address, speech"
"効果","こうか","effect, effectiveness, efficacy, result; effects (e.g. sound effects, visual effects, special effects)"
"高価","こうか","highly priced, expensive, valuable, costly"
"硬貨","こうか","coin; hard currency"
"交換","こうかん","exchange, interchange, switching, reciprocity, barter, substitution, replacement, clearing (of checks, cheques)"
"航空","こうくう","aviation, flying"
"光景","こうけい","scene, spectacle, sight, view"
"貢献","こうけん","contribution (furthering a goal or cause), services (to a cause); paying tribute, tribute"
"攻撃","こうげき","attack, assault, raid, onslaught, offensive; criticism, censure, denunciation, condemnation"
"広告","こうこく","advertisement, advertising; announcement, notice"
"交際","こうさい","company, friendship, association, society, acquaintance; (romantic) involvement, dating"
"後者","こうしゃ","the latter, the second; successor, descendant"
"工場","こうじょう, こうば","factory, plant, mill, workshop"
"構成","こうせい","composition, construction, formation, makeup, structure, organization, organisation"
"高速","こうそく","high-speed, rapid, express; highway, freeway, expressway, motorway"
"行動","こうどう","action, conduct, behaviour, behavior, mobilization, mobilisation"
"幸福","こうふく","happiness, well-being, joy, welfare, blessedness"
"公平","こうへい","fairness, impartiality, justice, objectivity"
"候補","こうほ","candidate, contender, prospect, pick, choice, list; candidacy, candidature, nomination"
"考慮","こうりょ","consideration, taking into account"
"越える","こえる","to cross over, to cross, to pass through, to pass over (out of), to go beyond, to go past; to exceed, to surpass, to be more (than)"
"氷","こおり","ice; shaved ice (usually served with flavored simple syrup)"
"凍る","こおる","to freeze, to become frozen, to freeze over"
"呼吸","こきゅう","breathing, respiration; knack, trick, secret (of doing something); harmony, balance, synchronization, accord; short interval, short pause"
"故郷","こきょう","hometown, birthplace, native place, one's old home"
"国語","こくご","national language; Japanese language (esp. as a school subject in Japan); one's native language, mother tongue; native Japanese words (as opposed to loanwords and Chinese-derived words)"
"黒板","こくばん","blackboard"
"克服","こくふく","conquest (of a difficulty, illness, crisis, etc.), overcoming, surmounting, bringing under control"
"国民","こくみん","people (of a country), nation, citizen, national; Democratic Party for the People"
"穀物","こくもつ","grain, cereal, corn"
"此処","ここ","here, this place; this point, here, now; these past ... (e.g. three years), these last ...; the next ... (e.g. few days), these next ..."
"腰","こし, コシ","lower back, waist, hips, lumbar region; body (of hair, noodle, paper, etc.), resilience, spring"
"故障","こしょう","fault, trouble, breakdown, failure, being out of order; damage (to a part of the body), injury, hurt; problem, hitch, obstacle, hindrance; objection, protest"
"個人","こじん","individual, private person, personal, private; natural person"
"越す","こす","to cross over (e.g. mountain), to go across; to get over (e.g. hardship); to pass time (e.g. a winter); to surpass, to be better than, to exceed; to move house; to go, to come"
"国家","こっか","state, country, nation"
"国会","こっかい","National Diet, legislative assembly of Japan (1947-); Imperial Diet, legislative assembly of Japan (1889-1947); legislative assembly, parliament, congress"
"国境","こっきょう, くにざかい","border (between countries), national border"
"骨折","こっせつ","bone fracture"
"小包","こづつみ","parcel, package"
"事","こと","thing, matter; incident, occurrence, event, something serious, trouble, crisis; circumstances, situation, state of affairs; work, business, affair; after an inflectable word, creates a noun phrase indicating something the speaker does not feel close to; nominalizing suffix; pretending to ..., playing make-believe ...; alias, also known as, otherwise known as, or; necessity, need; you should ..., I advise that you ..., it's important to ..."
"異なる","ことなる","to differ, to be different, to disagree, to vary, to diverge"
"諺","ことわざ","proverb, saying, aphorism, maxim"
"断る","ことわる","to refuse, to reject, to dismiss, to turn down, to decline; to inform, to give notice, to ask in advance (and get approval), to get permission; to ask leave, to excuse oneself (from)"
"粉","こな, こ","flour, meal, powder, dust"
"此の","この, こん","this; last (couple of years, etc.), these, past, this; you (as in ""you liar"")"
"好み","このみ","liking, taste, fancy, fondness; wish, desire, choice, preference"
"好む","このむ","to like, to prefer"
"","コピー","copy, photocopy; book jacket blurb; (advertising) slogan"
"小麦","こむぎ","wheat"
"小屋","こや, しょうおく","hut, cabin, shed, (animal) pen; small theatre (theater), temporary playhouse, circus tent, booth; one's own house"
"これ等","これら","these"
"頃","ころ, ごろ","(approximate) time, around, about, toward; suitable time (or condition); time of year, season"
"殺す","ころす","to kill, to slay, to murder, to slaughter; to suppress, to block, to hamper, to destroy (e.g. talent), to eliminate (e.g. an odour), to spoil (e.g. a flavour), to kill (e.g. one's speed); to suppress (a voice, feelings, etc.), to hold back, to stifle (a yawn, laugh, etc.), to hold (one's breath); to put out (a runner); to pawn, to put in hock"
"転ぶ","ころぶ, まろぶ","to fall down, to fall over; to turn out, to play out; to abandon Christianity (and convert to Buddhism), to apostatize; to roll, to tumble; (for a geisha) to prostitute (herself) in secret"
"今回","こんかい","this time, now"
"今後","こんご","from now on, hereafter"
"混雑","こんざつ","congestion, crush, crowding, jam; confusion, disorder"
"","こんなに","so, like this, in this way, this much, to this extent"
"困難","こんなん","difficulty, hardship, trouble, distress; infeasibility, inability (to carry out)"
"今日は","こんにちは, こんにちわ, こにちわ, こにちは","hello, good day, good afternoon"
"","コンピュータ, コンピューター","computer"
"婚約","こんやく","engagement, betrothal"
"混乱","こんらん","disorder, chaos, confusion, mayhem"
"","コーチ","coach"
"","コード","code, program; code, regulation, rules; code, symbol set"
"後","ご","after"
"語","ご","word, term; language; speech"
"豪華","ごうか","extravagant, lavish, opulent, luxurious, magnificent, splendid, fancy, gorgeous"
"合格","ごうかく","passing (an exam), pass, success, passing grade; meeting (specifications, standards, etc.), passing (inspection), qualification, being found eligible"
"合計","ごうけい","sum total, total amount"
"強盗","ごうとう","robber, mugger; robbery, burglary"
"誤解","ごかい","misunderstanding"
"語学","ごがく","study of foreign languages; linguistics"
"極","ごく","quite, very; 10^48, quindecillion"
"塵","ゴミ, ごみ","rubbish, trash, garbage, refuse, litter"
"御免なさい","ごめんなさい","I'm sorry, my apologies, excuse me, pardon me"
"","ゴール","goal (in soccer, hockey, etc.), basket (in basketball); finish line, finishing line, winning post; reaching the finish line, finishing (a race); goal, objective"
"差","さ","difference, variation; difference"
"際","さい","occasion, time, circumstances, (in) case (of), when"
"最高","さいこう, サイコー","best, supreme, wonderful, finest; highest, maximum, most, uppermost, supreme"
"最終","さいしゅう","last, final, closing; last train (bus, flight, etc.; of the day)"
"最中","さいちゅう, さなか","(in) the middle of, (in) the midst of, (in) the course of, (at) the height of"
"最低","さいてい, サイテー","least, lowest, minimum; worst; awful, horrible, nasty, disgusting; at the very least"
"才能","さいのう","talent, ability"
"裁判","さいばん","trial, judgement, judgment"
"幸い","さいわい","happiness, blessedness, luck, fortune, felicity; luckily, fortunately"
"","サイン","autograph, signature; sign, signal, indication"
"境","さかい, きょう","border, boundary; turning point, watershed; area, region, spot, space, environment; psychological state, mental state; cognitive object, something perceptible by the sense organs or mind"
"魚","さかな, うお","fish"
"逆らう","さからう","to go against, to oppose, to disobey, to defy"
"盛り","さかり","height (e.g. of summer), peak (e.g. of cherry blossom season), (in) season, full bloom, full swing (of a party, etc.); prime (of one's life), (one's) best days, bloom; (being in) heat, rut"
"作業","さぎょう","work, operation, task"
"昨","さく","last (year), yesterday"
"作品","さくひん","work (e.g. book, film, painting, composition), piece, production, opus"
"作物","さくもつ","crop, crops, (agricultural) produce, farm products"
"桜","さくら, サクラ","cherry tree, cherry blossom; fake buyer, paid audience, shill, seat filler; hired applauder; horse meat"
"酒","さけ","alcohol, sake"
"叫ぶ","さけぶ","to shout, to cry (out), to scream, to shriek, to yell, to exclaim; to clamor (for or against), to advocate, to insist, to protest, to appeal"
"避ける","さける, よける","to avoid (physical contact with); to avoid (situation), to evade (question, subject), to shirk (one's responsibilities); to ward off, to avert; to put aside, to move out of the way"
"支える","ささえる","to support, to prop, to sustain, to underlay, to hold up, to defend; to hold at bay, to stem, to check"
"指す","さす","to point; to nominate, to select someone, to specify some person; to identify, to indicate, to point out; to play (a game of shogi), to move (a piece); to extend one's arm straight ahead (in dance)"
"誘う","さそう, いざなう","to invite, to ask (someone to do), to call (for), to take (someone) along; to tempt, to lure, to entice, to seduce; to induce (tears, laughter, sleepiness, etc.), to arouse (e.g. sympathy), to provoke"
"作家","さっか","author, writer, novelist, artist"
"作曲","さっきょく","composition (of music), setting, writing music"
"","さっぱり","feeling refreshed, feeling relieved; neat, tidy, clean; frank, open-hearted, plain, simple, light; completely, entirely; not in the least (with neg. verb), not at all; nothing at all, completely useless, hopeless, awful"
"札","さつ","banknote, bill, note, paper money"
"偖","さて","well, now, then"
"砂漠","さばく","desert"
"差別","さべつ, しゃべつ, しゃべち","distinction, differentiation, discrimination; discrimination (against people)"
"作法","さほう, さくほう","manners, etiquette, propriety; manner of production (esp. of prose, poetry, etc.), way of making"
"様々","さまざま","various, varied, diverse, all sorts of"
"覚ます","さます","to awaken, to arouse from sleep; to bring to one's senses, to disabuse (someone of); to sober up; to dampen, to throw a damper on, to spoil"
"覚める","さめる","to wake, to wake up; to become sober, to sober up, to regain consciousness (e.g. after anaesthesia); to come to one's senses, to be disillusioned"
"左右","さゆう, そう, さう","left and right, right and left; (asserting) control, influence, domination; one's attendants, people accompanying one; (serving at someone's) side; equivocation"
"皿","さら","plate, dish, platter, disc; serving, helping, course; kanji radical 108 (at the bottom)"
"更に","さらに","furthermore, again, after all, more and more, moreover, even more"
"猿","さる, サル","monkey (esp. the Japanese macaque, Macaca fuscata), ape, non-human primate; sly person; idiot, hick; sliding wooden bolt (for holding a door or window shut); clasp used to control the height of a pot-hook; bathhouse prostitute"
"去る","さる","to leave, to go away; to pass, to elapse; to be distant; to send away, to drive off, to divorce; to (do) completely; last ... (e.g. ""last April"")"
"騒ぎ","さわぎ","uproar, disturbance"
"参加","さんか","participation, joining, entry"
"参考","さんこう","reference, consultation"
"賛成","さんせい","approval, agreement, support, favour, favor"
"酸素","さんそ","oxygen (O)"
"散歩","さんぽ","walk, stroll"
"","サービス, サーヴィス","service, help, assistance, care, concern; discount, discounted item; free service, freebie, gift; service, utility, amenity, resource; (after-sales) service, servicing, (product) maintenance; service (e.g. in tennis), serve"
"財産","ざいさん","property, fortune, assets"
"材料","ざいりょう","materials, ingredients; material (for a novel, experiment, etc.), subject matter; grounds (for a decision, judgement, etc.), basis, evidence, data; (market) factor"
"座席","ざせき","seat"
"","ざっと","roughly, approximately, round about, more or less; cursorily, briefly, quickly, lightly, roughly"
"詩","し","poem, poetry, verse; Chinese poem"
"四","し, よん, よ","four, 4"
"氏","し","Mr, Mrs, Ms, Miss; clan; he, him; counter for people"
"幸せ","しあわせ, しやわせ","happiness, good fortune, luck, blessing"
"然も","しかも","moreover, furthermore; nevertheless, and yet"
"叱る","しかる","to scold, to chide, to rebuke, to reprimand"
"式","しき","way, style, fashion, method, system, form, type; ceremony, rite, ritual, celebration; wedding (ceremony); equation, formula, expression; enforcement regulations (of the ritsuryō legal codes)"
"支給","しきゅう","provision, supply, payment, allowance, grant"
"頻りに","しきりに","frequently, repeatedly, often, incessantly, constantly; eagerly, keenly, strongly, intently; hard, terribly, extremely, severely"
"刺激","しげき","stimulus, stimulation, irritation (esp. of the body, e.g. skin, eyes); impetus, impulse, stimulus, spur, incentive, encouragement, stimulation, motivation, provocation; excitement, thrill"
"資源","しげん","resources"
"支出","ししゅつ","expenditure, disbursement, expenses"
"詩人","しじん","poet"
"沈む","しずむ","to sink, to go under, to submerge; to go down (e.g. sun), to set, to descend; to feel depressed, to become subdued, to become somber"
"自然","しぜん","nature; natural, spontaneous, automatic; naturally, spontaneously, automatically"
"思想","しそう","thought, idea, ideology"
"舌","した","tongue; tongue-like object, clapper (of a bell), talon (of a lock), reed (of a musical instrument)"
"従う","したがう","to obey (an order, law, etc.), to abide by (a rule, custom, etc.), to follow, to observe, to conform to, to yield to; to follow (a person), to accompany, to go with; to go alongside (e.g. a river), to follow (e.g. a sign); to serve (as), to engage in (work)"
"従って","したがって","therefore, consequently, accordingly"
"支度","したく","preparation, arrangements"
"親しい","したしい","close (e.g. friend), familiar, friendly, intimate; familiar (e.g. story), well-known (to one); close (relatives), closely related"
"次第","しだい","depending on; as soon as, immediately after, upon; as (e.g. ""as one is told"", ""as one wishes""), whatever (e.g. ""whatever is at hand""); order, program, programme, precedence; circumstances, course of events, state of things; reason"
"七","しち, なな, ひち, な","seven"
"質","しつ","quality, value; nature, inherent quality, character; logical quality"
"失業","しつぎょう","unemployment; losing one's job, becoming unemployed"
"失望","しつぼう","disappointment, despair"
"支店","してん","branch office, branch store"
"指導","しどう","guidance, leadership, instruction, direction, coaching; shido (minor penalty in judo)"
"品","しな","article, item, thing, goods, stock; quality; flirtatiousness, coquetry"
"支配","しはい","rule, domination, control; direction, management, guidance; control (of one's destiny, public opinion, etc.), governing, influence, sway; government"
"支払い","しはらい","payment"
"支払う","しはらう","to pay"
"芝居","しばい","play, drama"
"屡々","しばしば","often, again and again, frequently, repeatedly"
"芝生","しばふ","lawn, grass"
"資本","しほん","funds, capital"
"死亡","しぼう","death, dying, mortality"
"姉妹","しまい, きょうだい","sisters"
"仕舞う","しまう","to finish, to stop, to end, to put an end to, to bring to a close; to close (a business, etc.), to close down, to shut down, to shut up; to put away, to put back, to keep, to store; to do completely, to finish; to do accidentally, to do without meaning to, to happen to do"
"仕舞った","しまった","darn it!, darn!, oops!, oh dear!, oh no!"
"示す","しめす","to (take out and) show, to demonstrate, to tell, to exemplify, to make apparent; to point out (finger, clock hand, needle, etc.); to indicate, to show, to represent, to signify, to display"
"占める","しめる","to occupy, to hold; to account for, to make up, to take up"
"霜","しも","frost; white hair, grey hair, gray hair"
"下","しも","lower reaches (of a river); bottom, lower part; lower half (of the body, esp. the privates), feces (faeces), urine, menses; end, far from the imperial palace (i.e. far from Kyoto, esp. of western Japan); dirty (e.g. dirty jokes, etc.)"
"借金","しゃっきん","debt, loan, liabilities, borrowing money; number of games under the .500 mark"
"喋る","しゃべる","to talk, to chat, to chatter"
"州","しゅう","state (of the US, Australia, India, Germany, etc.), province (e.g. of Canada), county (e.g. of the UK), region (e.g. of Italy), canton, oblast; continent; province (of Japan); province (of ancient China), prefecture, department; dear"
"週","しゅう","week"
"周囲","しゅうい","surroundings, environs; circumference"
"収穫","しゅうかく","harvest, crop, ingathering; fruits (of one's labors), gain, result, returns; catch (fishing), bag (hunting), haul"
"週間","しゅうかん","week"
"宗教","しゅうきょう","religion, religious affiliation, belief, faith, creed; religious activity"
"就職","しゅうしょく","finding employment, getting a job"
"修正","しゅうせい","amendment, correction, revision, modification, alteration, retouching, update, fix"
"集団","しゅうだん","group, mass"
"集中","しゅうちゅう","concentration (on a task), focusing one's attention; concentration (of population, buildings, power, etc.), centralization, convergence, focus (of a debate, questions, etc.); within a collection of works"
"収入","しゅうにゅう","income, earnings, revenue, proceeds, takings, receipts"
"修理","しゅうり, しゅり, すり","repair, mending, fixing, servicing"
"主義","しゅぎ","doctrine, rule, principle, -ism"
"宿泊","しゅくはく","accommodation, lodging"
"首相","しゅしょう","prime minister, chancellor (Germany, Austria, etc.), premier"
"手術","しゅじゅつ, しゅずつ","surgery, operation, procedure; skill with one's hands, sleight of hand"
"手段","しゅだん","means, way, measure"
"主張","しゅちょう","claim, insistence, assertion, advocacy, emphasis, contention, opinion, tenet"
"出身","しゅっしん","one's origin (e.g. city, country, parentage, school)"
"出席","しゅっせき","attendance, presence, appearance"
"出発","しゅっぱつ","departure, leaving, setting off"
"出版","しゅっぱん","publication"
"首都","しゅと","capital (city), metropolis"
"主婦","しゅふ","housewife, mistress (of the house), homemaker"
"主要","しゅよう","chief, main, principal, major"
"種類","しゅるい","variety, kind, type, category; counter for kinds, species, etc."
"瞬間","しゅんかん","moment, instant, second"
"賞","しょう","prize, award"
"章","しょう","chapter, section; medal, badge, insignia"
"小","しょう","smallness, small item; short month (i.e. having fewer than 31 days); elementary school; smaller (of two things, places, etc. with the same name), inferior; younger (of two people with the same name), junior; unit of field area (approx. 400 sq m)"
"障害","しょうがい","obstacle, impediment, hindrance, barrier, difficulty; disorder, defect, disability, handicap, impairment, dysfunction; steeplechase; obstacle race, steeplechase (athletics)"
"奨学金","しょうがくきん, しょうがっきん","scholarship, stipend, bursary, grant-in-aid; student loan"
"正午","しょうご","noon, midday"
"少々","しょうしょう","just a minute, small quantity"
"正直","しょうじき","honest, frank, candid, straightforward; honestly, frankly"
"少女","しょうじょ","girl (usu. between 7 and 17), young lady; female between 17 and 20 years old (ritsuryō period)"
"症状","しょうじょう","symptoms, condition (of a patient)"
"生じる","しょうじる","to produce, to yield, to cause; to result from, to arise, to be generated"
"招待","しょうたい, しょうだい","invitation"
"承知","しょうち","knowledge, awareness; acceptance, consent, assent, agreement, compliance, acknowledgment, acknowledgement; forgiving, pardoning, excusing"
"衝突","しょうとつ","collision, crash, impact, running into; clash, skirmish, conflict, discord, quarrel, brush"
"商人","しょうにん, あきんど, あきうど, あきゅうど, あきびと","merchant, trader, tradesman, dealer, shopkeeper"
"承認","しょうにん","recognition, acknowledgement, acknowledgment, approval, consent, agreement"
"少年","しょうねん","boy; juvenile, child"
"商売","しょうばい","trade, business, commerce; occupation, calling, profession, job"
"消費","しょうひ","consumption, expenditure, spending"
"商品","しょうひん","commodity, article of commerce, goods, stock, merchandise"
"消防","しょうぼう","fire fighting; fire department, fire brigade, firefighter"
"証明","しょうめい","proof, testimony, demonstration, verification, certification"
"職","しょく, そく","job, work, employment, occupation, position; duties; trade, skill"
"職業","しょくぎょう","occupation, profession, job, vocation, trade, calling, business"
"食事","しょくじ","meal, dinner; diet"
"食卓","しょくたく","dining table"
"食品","しょくひん","food, food products, foodstuffs"
"植物","しょくぶつ","plant, vegetation"
"食物","しょくもつ","food, foodstuff"
"食欲","しょくよく","appetite (for food)"
"食糧","しょくりょう","food (esp. staple food such as rice or wheat), provisions, rations, food supply"
"食料","しょくりょう","food"
"書斎","しょさい","study, library, den, home office, reading room"
"署名","しょめい","signature"
"書物","しょもつ","book, volume"
"処理","しょり","processing, dealing with, treatment, disposition, disposal"
"書類","しょるい","document, papers"
"使用","しよう","use, application, employment, utilization, utilisation"
"知らせ","しらせ","news, word, tidings, notice, notification, information; omen, foreboding, premonition"
"尻","しり","buttocks, behind, rump, bottom, hips; undersurface, bottom; last place, end; consequence"
"印","しるし","mark, sign; symbol, emblem; badge, crest, flag; evidence, proof; token (of gratitude, affection, etc.)"
"城","しろ","castle"
"進学","しんがく","advancing to the next stage of education, going on to (high school, college, etc.)"
"神経","しんけい","nerve; nerves, sensitivity"
"真剣","しんけん","serious, earnest; real sword (as opposed to a wooden practice weapon)"
"信仰","しんこう","(religious) faith, belief, creed"
"深刻","しんこく","serious, severe, grave, acute"
"信号","しんごう","signal, signalling, signaling; traffic light, traffic signal"
"診察","しんさつ","medical examination, checkup, consultation"
"信じる","しんじる","to believe, to believe in, to place trust in, to confide in, to have faith in"
"親戚","しんせき","relative, relation, kin"
"新鮮","しんせん","fresh"
"心臓","しんぞう","heart; guts, nerve, cheek, gall, spine; heart (of something), central part"
"身体","しんたい, しんだい, しんてい","body, physical system, (the) person"
"身長","しんちょう","height (of a person), stature"
"慎重","しんちょう","careful, cautious, prudent, discreet, deliberate"
"心配","しんぱい","worry, concern, anxiety, uneasiness, fear; care, help, aid, assistance"
"審判","しんぱん, しんばん","judgement, judgment, decision, verdict, sentence; refereeing, umpiring, judging; judgement (of God); referee, umpire, judge"
"進歩","しんぽ","progress, advance, improvement, development"
"親友","しんゆう","close friend, bosom friend, buddy, crony, chum"
"信用","しんよう","confidence, trust, faith, reputation; credit"
"信頼","しんらい","trust (in), confidence, faith, reliance"
"心理","しんり","state of mind, mentality, psychology"
"ジェット機","ジェットき","jet aeroplane, jet airplane"
"直に","じかに","directly, in person, firsthand"
"直","じき","soon, in a moment, before long, shortly; nearby, close; direct; spot transaction, cash transaction"
"時期","じき","time, season, period, phase, stage"
"事件","じけん","event, affair, incident, case, plot, trouble, scandal"
"時刻","じこく","time, (the) hour; favourable time, opportunity, chance"
"自殺","じさつ","suicide"
"自身","じしん","(one's) self, oneself, yourself, himself, herself"
"事実","じじつ","fact, truth, reality"
"事情","じじょう","circumstances, conditions, situation, reasons, state of affairs"
"事態","じたい","situation, (present) state of affairs, circumstances"
"実験","じっけん","experiment, experimentation"
"実行","じっこう","execution (e.g. of a plan), carrying out, (putting into) practice, action, implementation, fulfillment, realization; execution (of a program), run"
"実際","じっさい","reality, actuality, truth, fact, actual conditions; practice (as opposed to theory); truly, really, indeed, actually; bhutakoti (limit of reality)"
"実施","じっし","enforcement, implementation, putting into practice, carrying out, operation, working (e.g. working parameters), enactment"
"凝乎と","じっと, じーっと, じーと, じいっと","motionlessly (e.g. stand, wait), (be) still; fixedly (e.g. gaze, stare), intently (e.g. listen, think); patiently (endure), stoically; firmly (e.g. hold), restrained"
"実現","じつげん","implementation (e.g. of a system), materialization, materialisation, realization, realisation, actualization, actualisation"
"実に","じつに, げに, まことに","indeed, really, absolutely, truly, actually, very, quite"
"実は","じつは","as a matter of fact, by the way, to tell you the truth, to be honest, frankly"
"自動","じどう","automatic; intransitive verb"
"自慢","じまん","pride, boast"
"事務","じむ","office work, clerical work, administration, business, affairs"
"","じゃあ, じゃ","then, well, so, well then"
"邪魔","じゃま","hindrance, obstacle, nuisance, disturbance, interruption, interference; to visit (someone's home); demon who hinders Buddhist training, demon who obstructs sentient beings from maintaining moral behaviour"
"銃","じゅう","gun, firearm, small arms (e.g. rifle, pistol, etc)"
"十","じゅう, とお, と","ten, 10; ten years of age; book containing a collection of poems"
"重視","じゅうし","regarding as important, attaching importance to, taking a serious view of, putting emphasis on"
"渋滞","じゅうたい","(traffic) congestion, traffic jam, gridlock; delay, stagnation"
"住宅","じゅうたく","residence, housing, residential building"
"重大","じゅうだい","serious, important, significant, grave, weighty"
"住民","じゅうみん","inhabitant, resident, citizen, population"
"重要","じゅうよう","important, essential, significant, major, key, principal"
"需要","じゅよう","demand, request"
"順","じゅん, ずん","order, turn, sorting; obedient, docile, submissive, meek"
"順調","じゅんちょう","favourable, favorable, doing well, OK, all right"
"順番","じゅんばん","order, turn"
"準備","じゅんび","preparation, arrangements, getting ready, provision, setup, reserving"
"","ジュース","juice; soft drink (usu. fruit-based), sweetened drink"
"上","じょう","from the standpoint of, from the viewpoint of, with respect to, in terms of, as a matter of, in view of, so far as ... is concerned; on, above, on top of, aboard (a ship or vehicle); the best, top, first class, first grade; first volume (of a two or three-volume set), first book; with my compliments"
"乗客","じょうきゃく, じょうかく","passenger"
"上京","じょうきょう","going (up) to the capital, going to Tokyo"
"状況","じょうきょう","state of affairs, situation, conditions, circumstances"
"条件","じょうけん","condition, term, requirement, qualification, prerequisite"
"常識","じょうしき","common sense, good sense, common knowledge, general knowledge, common practice, accepted practice, social etiquette"
"状態","じょうたい","state, condition, situation, appearance, circumstances"
"上達","じょうたつ","improvement (e.g. in skill, ability), advance, progress; communication of opinions of the general populace to those of high rank"
"冗談","じょうだん","joke, jest, funny story"
"上等","じょうとう","superior, first-class, excellent, top quality; (that's) just fine!, bring it on!"
"情報","じょうほう","information, news, report, intelligence; information (data contained in characters, signals, code, etc.)"
"女王","じょおう, じょうおう, にょおう","queen; female champion"
"女子","じょし","woman, girl"
"助手","じょしゅ","assistant, helper; assistant (to a professor), research assistant"
"徐々","じょじょ","slow, gradual, steady; calm, composed, relaxed"
"女優","じょゆう","actress, female actor"
"人工","じんこう","artificial, man-made, human work, human skill, artificiality"
"人種","じんしゅ","race (of people); type of person"
"人生","じんせい","(one's) life"
"人物","じんぶつ","person, character, figure, personage, man, woman; one's character, one's personality; able person, talented person"
"人類","じんるい","mankind, humanity"
"","ジーンズ, ジンス","jeans; denim, jean"
"巣","す","nest, rookery, breeding place, hive; den; haunt; (spider's) web"
"水準","すいじゅん","level, standard; water level"
"推薦","すいせん","recommendation, referral, endorsement"
"","スイッチ","(Nintendo) Switch (video game console)"
"睡眠","すいみん","sleep"
"数","すう","several, a few, a number of; number, quantity, amount; counting, calculation, figures, numbers; number, numeral, figure; number; destiny, fate, outcome, course of events, trend"
"数字","すうじ","numeral, digit, numeric character; figure, number; a few characters"
"末","すえ","end, tip, top; end (of the year, month, etc.), close; youngest child; descendants, offspring, posterity; future; (finally) after, (at last) after, at the end of; trifles, trivialities; degenerate age"
"姿","すがた","figure, form, shape; appearance, dress, guise; state, condition, picture, image; form (of a waka); dressed in ..., wearing ..."
"","スキー","skiing; ski, skis"
"空く","すく","to become less crowded, to thin out, to get empty; to be hungry"
"救う","すくう","to rescue from, to help out of, to save"
"優れる","すぐれる","to be better (than), to be superior, to surpass, to excel, to be excellent"
"","スケート","skating (esp. ice), skate, skates"
"少しも","すこしも","(not) at all, (not) a bit, (not) in the least, (not) in the slightest"
"凄い","すごい, スゴイ, スゴい","terrible, dreadful; amazing (e.g. of strength), great (e.g. of skills), wonderful, terrific; to a great extent, vast (in numbers); awfully, very, immensely"
"過ごす","すごす","to spend (time), to pass, to lead (a life), to live; to overdo (esp. alcohol consumption), to drink (alcohol), to carry too far, to carry to excess; to take care of, to support; to overdo, to do too much; to ... without acting on it, to ... without getting involved"
"筋","すじ, スジ","muscle, tendon, sinew; vein, artery; fiber, fibre, string; line, stripe, streak; reason, logic; plot, storyline; lineage, descent; school (e.g. of scholarship or arts); aptitude, talent; source (of information, etc.), circle, channel; well-informed person (in a transaction); logical move (in go, shogi, etc.); ninth vertical line; seam on a helmet; gristly fish paste (made of muscle, tendons, skin, etc.); social position, status; on (a river, road, etc.), along; counter for long thin things, counter for roads or blocks when giving directions; street (in Osaka); (Edo period) counter for hundreds of mon (obsolete unit of currency)"
"進める","すすめる","to advance, to move forward, to put (a clock, watch) forward; to carry forward (plans, work, etc.), to proceed with, to make progress in, to further, to advance, to hasten, to speed up; to raise, to elevate, to promote, to develop, to stimulate (e.g. one's appetite)"
"勧める","すすめる","to recommend (someone to do), to advise, to encourage, to urge; to recommend (a book, someone for a position, etc.), to suggest; to offer (a drink, cigarette, seat, etc.)"
"","スタイル","(one's) figure, build, physique, shape; style"
"","スタンド","stands, bleachers; stand (e.g. newspaper stand), counter (e.g. lunch counter); stand (e.g. inkstand); desk lamp, floor lamp, standard lamp; station (e.g. gas station)"
"","スター, スタア","star (actor, athlete, etc.), celebrity; star (symbol), asterisk; (celestial) star"
"素敵","すてき, ステキ","lovely, wonderful, nice, great, splendid, marvellous, fantastic, superb"
"既に","すでに","already; previously, before; undeniably, unmistakably, in the first place"
"即ち","すなわち, つなわち","that is (to say), namely, i.e.; precisely, exactly, just, nothing but, neither more nor less; (and) then"
"素晴らしい","すばらしい, すんばらしい","wonderful, splendid, magnificent"
"","スピーチ","speech"
"全て","すべて","everything, all, the whole; entirely, completely, wholly, all"
"済ませる","すませる","to finish, to make an end of, to get through with, to let end; to make do (with), to manage (with); to resolve, to settle, to bring to a conclusion"
"隅","すみ, すま","corner, nook, recess; downstage right (on a noh stage)"
"為る","する","to do, to carry out, to perform; to cause to become, to make (into), to turn (into); to serve as, to act as, to work as; to wear (clothes, a facial expression, etc.); to judge as being, to view as being, to think of as, to treat as, to use as; to decide on, to choose; to be sensed (of a smell, noise, etc.); to be (in a state, condition, etc.); to be worth, to cost; to pass (of time), to elapse; to place, or raise, person A to a post or status B; to transform A to B, to make A into B, to exchange A for B; to make use of A for B, to view A as B, to handle A as if it were B; to feel A about B; verbalizing suffix (applies to nouns noted in this dictionary with the part of speech ""vs""); creates a humble verb (after a noun prefixed with ""o"" or ""go""); to be just about to, to be just starting to, to try to, to attempt to"
"","すると","(and) then, and, thereupon, whereupon; in that case, then, so"
"鋭い","するどい","sharp (knife, claws, etc.), pointed; sharp (pain, tone, etc.), acute, stabbing, cutting (remark, criticism, etc.), stinging, biting, fierce (attack), pointed (question, look, etc.), piercing (gaze), shrill (sound); keen (intuition, sense of smell, etc.), acute, sharp (eye, mind, etc.), astute, shrewd, discerning, penetrating (insight, question, etc.), perceptive"
"","スープ","(Western) soup"
"図","ず","drawing, picture, diagram, figure, illustration, chart, graph, map; sight, scene"
"随分","ずいぶん","very, extremely, surprisingly, fairly, quite, considerably, awfully, terribly; terrible, horrid, contemptible, reprehensible; remarkable, extraordinary"
"","ずっと, ずーっと, ずうっと","continuously, the whole time, all the way, throughout; much (more), (by) far, far and away, a lot, a great deal; far (away), long (ago, before, after); straight, directly"
"頭痛","ずつう","headache"
"所為","せい, せえ","consequence, outcome, result, blame, fault"
"背","せい","height, stature"
"生","せい, しょう","life, living; I, me, myself; student"
"性","せい","nature (of a person); sex, gender; sex (i.e. sexual attraction, activity, etc.); gender; -ty, -ity, -ness, -cy"
"正","せい","(logical) true, regular; 10^40, ten duodecillion; original; positive, greater than zero; thesis (in dialectics)"
"正確","せいかく","accurate, correct, precise, exact"
"性格","せいかく","character (of a person), personality, disposition, nature; characteristics, nature (of a thing, event, etc.)"
"世紀","せいき","century; era; of the century (e.g. fight of the century)"
"請求","せいきゅう","claim, demand, charge, application, request, billing (for a service)"
"清潔","せいけつ","clean, hygienic, sanitary; pure, virtuous, immaculate"
"制限","せいげん","restriction, restraint, limitation, limit"
"成功","せいこう","success, achievement; succeeding (in life), (worldly) success, prosperity"
"生産","せいさん","production, manufacture"
"正式","せいしき","formal, official, regular, proper, legal, due (formalities)"
"精神","せいしん","mind, spirit, soul, heart, ethos; attitude, mentality, will, intention; spirit (of a matter), essence, fundamental significance"
"成人","せいじん","adult, grown-up; becoming an adult, coming of age, growing up (to be a man, woman)"
"成績","せいせき","results, record, grades, marks"
"精々","せいぜい","at the most, at best; to the utmost, as much as possible, as much as one can"
"製造","せいぞう","manufacture, production"
"成長","せいちょう","growth, development, growing up, becoming an adult; growth (of a company, the economy, etc.)"
"制度","せいど","system, institution, organization, organisation"
"青年","せいねん","youth, young man"
"製品","せいひん","manufactured goods, finished goods, product"
"政府","せいふ","government, administration, ministry"
"生物","せいぶつ","living thing, organism, creature, life; biology"
"生命","せいめい","life, existence; (one's) working life, career; life force, lifeblood, soul, essence"
"整理","せいり","sorting, arrangement, organization, putting in order, adjustment, regulation; liquidation, settlement, consolidation, clearance (e.g. debt), paying off; retrenchment, curtailment, cutting down, disposal"
"咳","せき, しわぶき","cough, coughing, tussis"
"石炭","せきたん, いしずみ","coal"
"責任","せきにん","duty, responsibility (incl. supervision of staff); liability, onus"
"石油","せきゆ","oil, petroleum; kerosene, paraffin"
"世間","せけん","world, society, people, the public"
"積極的","せっきょくてき","positive, assertive, active, proactive, aggressive"
"設計","せっけい","plan, design, layout"
"","セット","set (of things), combo; setting up, preparing, arranging, placing, positioning, configuring, setting (e.g. an alarm); setting (hair); set (in tennis, volleyball, etc.); set (in a play, film, etc.), movie set; (television or radio) receiver"
"説","せつ","theory, doctrine; opinion, view; rumour, rumor, gossip, hearsay"
"設備","せつび","equipment, facilities, installation, accommodations, conveniences, arrangements"
"節約","せつやく","economising, saving"
"責める","せめる","to condemn, to blame, to criticize, to criticise, to reproach, to accuse; to urge, to press, to pester; to torture, to torment, to persecute; to break in (a horse)"
"世話","せわ","care, looking after, help, assistance, aid; trouble, bother; good offices, recommendation, introduction; everyday life, everyday affairs, everyday language; sewamono (Edo-period drama about contemporary life)"
"専攻","せんこう","major subject, special study"
"選手","せんしゅ","player (of a sport), athlete, team member"
"先日","せんじつ","the other day, a few days ago"
"選択","せんたく, せんだく","choice, selection, option"
"","センター, センタ","centre, center; center fielder"
"税","ぜい","tax"
"税金","ぜいきん","tax, duty"
"贅沢","ぜいたく","luxury, extravagance; to live in luxury, to indulge oneself; lavish (use of something), abundant, copious, wasteful; excessive (e.g. demands, expectations)"
"絶対","ぜったい","absolutely, definitely, unconditionally; absolute, unconditional, unmistakable; absoluteness"
"絶滅","ぜつめつ","extinction, extermination; eradication, stamping out, wiping out"
"是非","ぜひ","certainly, without fail; right and wrong, pros and cons"
"全","ぜん","all, whole, entire, complete, total, pan-; complete (set), in total"
"善","ぜん","good, goodness, right, virtue"
"全員","ぜんいん, ぜいいん","all members, all hands, everyone, everybody, whole crew"
"全国","ぜんこく","the whole country"
"前者","ぜんしゃ","the former, the first"
"前進","ぜんしん","advance, moving forward, progress"
"全然","ぜんぜん, ぜんっぜん","(not) at all, (not) in the slightest; wholly, entirely, completely, totally; extremely, very"
"全体","ぜんたい","whole, entirety; to begin with, in the first place; ... the heck (e.g. ""what the heck?""), ... in the world (e.g. ""why in the world?""), ... on earth (e.g. ""who on earth?"")"
"宋","そう","Song dynasty (of China; 960-1279), Sung dynasty; Liu Song dynasty (of China; 420-479), Liu Sung dynasty; Song (ancient Chinese state; 11th century-286 BCE), Sung"
"騒音","そうおん","noise, din"
"操作","そうさ","operation, management, handling; manipulating (to one's benefit), manipulation, influencing"
"掃除","そうじ","cleaning, sweeping, dusting, scrubbing"
"想像","そうぞう","imagination, supposition, guess"
"相続","そうぞく","succession; inheritance"
"相談","そうだん","consultation, discussion, discussing, asking (someone) for advice"
"装置","そうち","equipment, device, installation, apparatus; stage setting"
"相当","そうとう","corresponding to (in meaning, function, etc.), being equivalent to; appropriate, suitable, befitting, proportionate; to be proportionate to, to be in keeping with, to be deserving of, to be worthy of; considerable, substantial; considerably, rather, quite, fairly, pretty"
"速度","そくど","speed, velocity, pace, rate; velocity"
"底","そこ","bottom, sole"
"其処で","そこで","so, accordingly, now, then, thereupon, therefore"
"組織","そしき, そしょく","organization, organisation, formation; structure, construction, setup, constitution; system (e.g. railroad, transport, party, etc.); tissue; texture (of a rock); weave (of a fabric)"
"而して","そして, しかして","and, and then, thus, and now, and finally"
"注ぐ","そそぐ","to pour (into); to sprinkle on (from above), to water (e.g. plants), to pour onto, to spray; to shed (tears); to concentrate one's energy (strength, attention, etc.) on, to devote to, to fix (one's eyes) on; to flow into (e.g. of a river), to run into, to drain into; to fall (of rain, snow), to pour down"
"育つ","そだつ","to be raised (e.g. child), to be brought up, to grow (up)"
"","そっくり","all, altogether, entirely, completely; exactly alike (e.g. in appearance), spitting image of, identical, strikingly similar"
"率土","そっと, そつど","ends of the earth, outer reaches, borderland"
"袖","そで","sleeve; wing (of a stage, desk, gate, etc.); flap (of a dust jacket)"
"備える","そなえる","to furnish with, to equip with, to provide, to install; to prepare for, to make preparations for, to make provision for; to possess (all that is needed), to be endowed with, to be equipped with; to be born with, to have since birth"
"其の","その, そん","that, the; part (as in ""part two""); um ..., er ..., uh ..."
"その内","そのうち","before very long, soon, someday, one of these days, sooner or later; of the previously mentioned, of that number, among them, among others"
"其のまま","そのまま, そのまんま","without change, as is; just like, extremely similar; immediately, just after, without a pause"
"側","そば, そく, はた","near, close, beside, vicinity, proximity, besides, while; third person"
"","ソファ, ソファー","sofa, couch"
"粗末","そまつ","crude, rough, plain, humble, shabby, poor-quality, low-quality"
"其れ","それ","that, it; then, that point (in time), that time; there; you"
"其れ其れ","それぞれ","each, respectively"
"其れでも","それでも","but (still), and yet, nevertheless, even so, notwithstanding"
"其れと","それと","and then, in addition to that, also, even so"
"其れとも","それとも","or, or else"
"損","そん","loss, damage, harm, unprofitable; disadvantage, handicap, drawback, unfavorable"
"損害","そんがい","damage, injury, loss"
"尊敬","そんけい","respect, esteem, reverence, honour, honor"
"存在","そんざい","existence, being, presence"
"尊重","そんちょう","respect, esteem, regard"
"象","ぞう, ゾウ","elephant (Elephantidae spp.)"
"増加","ぞうか","increase, rise, growth, addition, increment"
"田","た","rice field"
"他","た","other (esp. people and abstract matters)"
"対","たい","versus, against, vs., v.; to (e.g. score of 4 to 2, ratio of 3 to 1, vote of 320 to 180); toward ..., to ..., with ..., against ..., anti-; equal footing, equal terms; opposite"
"体育","たいいく, たいく","physical education, PE, gym (class)"
"体温","たいおん","body temperature"
"大会","たいかい","mass meeting, convention, rally, conference, assembly, gathering; tournament, competition, contest, meet; grand event"
"大気","たいき","atmosphere, air; magnanimity, generosity"
"退屈","たいくつ","tedious, boring, dull, uninteresting, tiresome, monotonous; to feel bored, to get bored (with), to get tired (of)"
"滞在","たいざい","stay, sojourn"
"大使","たいし","ambassador"
"大した","たいした","considerable, great, important, significant, a big deal"
"対象","たいしょう","target, object (of worship, study, etc.), subject (of taxation, etc.), coverage"
"対する","たいする","to face (each other), to be facing; to be directed toward (the future, etc.), to be in response to, to be related to; to receive (a client, etc.); to compare with, to contrast with, to be in opposition with, to be opposed to; to confront, to oppose, to compete with"
"大戦","たいせん","great war, great battle; world war"
"大抵","たいてい","mostly, ordinarily, usually, generally; probably; most, almost all; ordinary; proper, appropriate, moderate"
"態度","たいど","attitude, manner, behaviour, demeanour, bearing; attitude (towards an issue, etc.), position, stance, stand"
"大半","たいはん","majority, more than half, most (of); mostly, largely, mainly, predominately, nearly"
"","タイプライター, タイプライタ","typewriter"
"大変","たいへん","very, greatly, terribly, awfully; immense, enormous, great; serious, grave, dreadful, terrible; difficult, hard, challenging; major incident, disaster"
"逮捕","たいほ","arrest, apprehension, capture"
"太陽","たいよう","Sun"
"平ら","たいら","flat, level, even, smooth; calm, tranquil, placid, composed, stable; relaxed (sitting posture), comfortable; plateau, tableland, plain"
"大陸","たいりく","continent; continental Asia (esp. mainland China); continental Europe"
"倒す","たおす","to throw down, to bring down, to blow down, to fell, to knock down, to set (something) down on its side, to turn (something) on its side, to recline (e.g. a seat); to kill, to defeat, to beat; to overthrow, to trip up, to ruin; to leave unpaid, to cheat; to do completely, to do thoroughly, to do to the fullest"
"手折る","たおる","to break by hand (e.g. a flower), to break off (a twig), to pluck (a flower, a bud); to make a young woman one's own thing"
"宝","たから","treasure"
"互い","たがい","each other, one another"
"宅","たく","house, home; one's house, one's home; one's husband"
"確かめる","たしかめる","to make sure, to check, to ascertain, to confirm, to verify"
"多少","たしょう","a little, some, somewhat, slightly, to some degree, to some extent; amount, quantity, number"
"助ける","たすける","to save, to rescue, to spare; to help, to assist; to support (financially), to contribute (to), to provide aid; to facilitate, to stimulate, to promote, to contribute to"
"戦い","たたかい","battle, war, fight, conflict; fight (against time, poverty, etc.), struggle (for freedom, survival, etc.), war (e.g. on drugs), battle (e.g. against nature); contest, competition, match, game"
"戦う","たたかう","to make war (on), to wage war (against), to go to war (with), to fight (with), to do battle (against); to compete (against); to struggle (against adversities, etc.), to fight, to contend, to resist"
"叩く","たたく","to strike, to hit, to beat, to knock, to pound, to bang, to slap, to spank, to tap, to pat, to clap (one's hands), to play (the drums); to attack, to bash, to criticize, to censure, to flame (on the Internet); to sound out (someone's views); to pound (meat or fish), to chop into small pieces; to beat down the price; to talk (big, bad, idly, etc.); to call, to invoke (e.g. a function)"
"只","ただ, タダ","ordinary, common, usual; free of charge; unaffected, as is, safe; only, merely, just, simply; but, however, nevertheless"
"直ちに","ただちに","at once, immediately, right away, without delay; directly (face, lead to, etc.), automatically (mean, result in, etc.)"
"立ち上がる","たちあがる","to stand up, to get up, to rise (to one's feet); to recover, to regain one's energy, to rise; to (stand up and) take action, to rise up (against), to start (doing); to rise (from a crouch) and make the initial charge; to start up, to boot up; to be established, to be set up, to be formed, to be created; to rise (of steam, smoke, etc.)"
"立場","たちば","position, situation; viewpoint, standpoint, point of view"
"達する","たっする","to reach, to get to, to arrive at"
"","たっぷり","plentifully, amply, abundantly, copiously, generously, fully, a lot; loosely, with room to spare, with enough space, (large) enough; a good (e.g. two weeks, ten kilometres), a full, at least, no less than"
"経つ","たつ","to pass (of time), to elapse"
"縦","たて, タテ","the vertical, height; front-to-back, length; north-to-south; vertical (relationship), hierarchy; (weaving) warp"
"例え","たとえ","example; simile, metaphor, allegory, fable, parable"
"谷","たに","valley"
"他人","たにん, ひと, あだびと","another person, other people, others; unrelated person (i.e. not related by blood); outsider, stranger"
"種","たね, タネ","seed (e.g. of a plant), pip, kernel, stone (e.g. of a peach); progeny, offspring, issue, breed; paternal blood, lineage; sperm, semen, seed; cause, source, seed, origin; material (e.g. for an article), matter (e.g. of a story), subject (of discussion), theme, (news) copy, source (of a story); ingredient, main ingredient (of a piece of sushi), leaven; mechanism (of a magic trick, etc.), secret, trickery; 10-point card, tane, animal card"
"束","たば","bundle, bunch, sheaf"
"旅","たび","travel, trip, journey"
"度","たび, たんび","time (three times, each time, etc.), times"
"度々","たびたび","often, again and again, over and over again, repeatedly, frequently"
"多分","たぶん","probably, likely, perhaps, maybe; a lot of, much, many, considerable, large (amount), generous"
"偶","たま","occasional, infrequent, rare"
"玉","たま","ball, sphere, globe, orb; bead (of sweat, dew, etc.), drop, droplet; ball (in sports), pitch (e.g. in baseball); pile (of noodles, etc.); bullet; bulb (i.e. a light bulb); lens (of glasses, etc.); bead (of an abacus); ball (i.e. a testicle); gem, jewel (esp. spherical; sometimes used figuratively), pearl; female entertainer (e.g. a geisha); person (when commenting on their nature), character; item, funds or person used as part of a plot; egg; okonomiyaki; coin; precious, beautiful, excellent"
"偶々","たまたま","by chance, by accident, accidentally, happen to (be, do), unexpectedly, casually; occasionally, once in a while, now and then"
"堪らない","たまらない","intolerable, unbearable, unendurable; irresistible, tremendous, out of this world; cannot help (doing), cannot but do, anxious to do, cannot get enough of"
"試し","ためし","trial, test"
"試す","ためす","to try (out), to have a try (at), to test, to put to the test"
"便り","たより, だより","news, tidings, information, correspondence, letter"
"頼る","たよる","to rely on, to depend on, to count on, to turn to (for help)"
"単位","たんい","unit, denomination; credit (in school); in units of (e.g. ""in thousands""), in amounts of"
"単語","たんご","word, vocabulary"
"単純","たんじゅん","simple, plain, uncomplicated, straightforward, simple-minded, naive"
"誕生","たんじょう","birth, creation, formation"
"担当","たんとう","being in charge (of an area of responsibility), being responsible (for a work role, etc.)"
"単なる","たんなる","mere, simple, sheer"
"単に","たんに","simply, merely, only, solely"
"大","だい","large, big, great, huge, vast, major, important, serious, severe; great, prominent, eminent, distinguished; -sized, as big as, the size of; university; large (e.g. serving size), large option; long month (i.e. having 31 days)"
"題","だい","title, subject, theme, topic; problem (on a test), question; counter for questions (on a test)"
"台","だい","stand, rest, base, pedestal, platform, table, holder, support, rack; setting (of a gem), mounting; stock (in grafting); counter for machines and vehicles; level (e.g. price level), mark, range, decade (of one's life); tall building (with a fine view), (observation) platform; plateau, heights"
"代金","だいきん","price, cost, charge, payment, bill, fee"
"大臣","だいじん","cabinet minister"
"大統領","だいとうりょう","president (of a country); big man, boss, buddy, mate"
"代表","だいひょう","representation, representative, delegate, delegation; exemplification, typification, being representative of, being typical of, representative example, exemplar, model; leader; switchboard number, main number"
"大部分","だいぶぶん","most part, greater part, majority"
"","ダイヤ, ダイア","(railway) schedule, timetable; diagram"
"代理","だいり","representation, agency, proxy; proxy, agent, representative, deputy, substitute, surrogate, stand-in"
"","だから","so, therefore, accordingly, consequently, on those grounds, that is why, for that reason; like I said, I told you already"
"","だが","but, however, (and) yet, nevertheless, still, for all that"
"","だけど","but, however, although"
"","だって","after all, because; but; even; too, as well, also; they say, I hear, you mean"
"黙る","だまる","to be silent, to say nothing"
"駄目","だめ, ダメ, だーめ","no good, not serving its purpose, useless, broken; hopeless, wasted, in vain, purposeless; cannot, must not, not allowed; neutral point, intersection owned by neither player at the end of a game; no!, stop!"
"誰か","だれか","someone, somebody"
"段","だん","step, stair, rung, (flight of) steps; shelf, layer, tier; grade, level, class; dan (degree of advanced proficiency in martial arts, go, shogi, etc.), rank; paragraph, passage; column (of print); act (in kabuki, joruri, etc.), section, scene; row of the multiplication table (e.g. five times table); stage (in a process), phase, occasion, time, moment, situation; matter, occasion; degree, extent; counter for breaks in written language or speech"
"男子","だんし","boy; man, male"
"","ダンス","dance, dancing"
"団体","だんたい","group, party, team; organization, organisation, association, group, body, society"
"地","ち","earth, ground, land, soil; place; territory; bottom (of a package, book, etc.); earth (one of the five elements)"
"地位","ちい","(social) position, status, standing; position (in a company, organization, etc.), post, rank"
"地域","ちいき","area, region, district, locality"
"知恵","ちえ","wisdom, wit, sagacity, sense, intelligence; prajna (insight leading to enlightenment)"
"地下","ちか","underground, below the ground; world of the dead, the grave; underground (activities, movement, etc.), secret, illegal, in hiding"
"近頃","ちかごろ","lately, recently, nowadays; terribly, awfully, extremely"
"違い","ちがい","difference, distinction, discrepancy; mistake, error"
"違いない","ちがいない","sure, no mistaking it, for certain, without doubt"
"地球","ちきゅう","Earth, the globe"
"地区","ちく","district, area, zone, quarter, section, region"
"遅刻","ちこく","lateness, tardiness, arriving late"
"知識","ちしき","knowledge, information"
"知事","ちじ","prefectural governor"
"父親","ちちおや, てておや","father"
"知能","ちのう","intelligence, intellect, brains"
"地平線","ちへいせん","horizon (related to land)"
"地方","ちほう","district, region, area, locality; the country, countryside, the provinces, rural area; civilian society"
"茶","ちゃ","tea; tea plant (Camellia sinensis); tea preparation, making tea; brown; mockery"
"","チャンス","chance, opportunity"
"","ちゃんと","diligently, seriously, earnestly, reliably, steadily, legitimately; perfectly, properly, exactly, orderly, punctually, regularly, safely, in good condition; sufficiently, satisfactorily; quickly"
"注","ちゅう","annotation, explanatory note, comment"
"中","ちゅう","medium (size), average (grade, level, etc.), middle; in, within, out of (e.g. ten people), among; during, while, in (the course of), within (a period), throughout; currently (doing), in the process of, in the middle of, under (e.g. construction, investigation); middle way, moderation; second volume (of three); junior high school, middle school; China"
"中央","ちゅうおう","centre, center, middle, heart; capital, seat of government"
"中学","ちゅうがく","junior high school, middle school, lower secondary school"
"中古","ちゅうこ, ちゅうぶる","used, second-hand, old; Middle Ages (in Japan esp. Heian period)"
"中止","ちゅうし","interruption, discontinuance, suspension, stoppage; cancellation (of a planned event), calling off"
"駐車","ちゅうしゃ","parking (a vehicle)"
"昼食","ちゅうしょく","lunch, midday meal"
"中心","ちゅうしん","center, centre, middle, heart, core, focus, pivot, emphasis, balance; -centered, -centred, -focused, -oriented, centered on, focused on"
"注目","ちゅうもく","notice, attention, observation"
"注文","ちゅうもん","order (for an item); request, demand, condition"
"長期","ちょうき","long-term"
"調査","ちょうさ","investigation, examination, inquiry, enquiry, survey"
"調子","ちょうし","tune, tone, key, pitch, time, rhythm; vein, mood, way, manner, style, knack; condition, state of health, shape; impetus, spur of the moment, strain; trend"
"頂上","ちょうじょう","top, summit, peak"
"頂戴","ちょうだい, ちょーだい","receiving, getting, accepting, being given; eating, drinking, having; please (give me; do for me)"
"貯金","ちょきん","putting money aside, savings, deposit (e.g. in a bank); accumulated surplus of wins, wins in the bank"
"直接","ちょくせつ","direct, immediate, personal, firsthand"
"著者","ちょしゃ","author (usu. of a particular book), writer"
"","チーズ","cheese; tee (piping), T-joint; cheese (said when taking a photograph)"
"","チーム, ティーム","team"
"遂に","ついに","finally, in the end, at last; in the end, after all, never (happened)"
"通過","つうか","passing through (a tunnel, station, town, etc.), passing by (e.g. of a typhoon), transit; passage (of a bill, e.g. through parliament), carriage; passing (an examination, inspection, etc.), clearing, getting through (a preliminary round), qualification"
"通学","つうがく","commuting to school, school commute"
"通行","つうこう","passage (of people or vehicles), passing (through), traffic; common usage, widespread use"
"通信","つうしん","correspondence, communication, transmission, news, signal, telecommunications"
"通じる","つうじる","to be open (to traffic), to lead to, to communicate (with); to flow (liquid, current), to pass, to get through to; to be understood, to be comprehended; to be honored, to be good; to be well versed in, to be well-informed; to communicate clandestinely, to keep in touch (e.g. with the enemy); to form a liaison, to be intimate; to spread widely, to disseminate"
"捕まる","つかまる","to be caught, to be arrested; to hold on to, to grasp; to find (e.g. proof), to get (e.g. a taxi); to be detained by"
"掴む","つかむ","to seize, to catch, to grasp, to grip, to grab, to clutch, to hold, to catch hold of, to lay one's hands on; to obtain, to acquire, to get, to win, to capture; to understand, to grasp, to comprehend"
"疲れ","つかれ","tiredness, fatigue"
"付き合い","つきあい","association, socializing, socialising, fellowship"
"月","つき","Moon; month; moonlight; (a) moon, natural satellite"
"次々","つぎつぎ","in succession, one by one"
"就く","つく","to take (seat, position, course, office, etc.), to assume, to be hired, to be employed; to ascend (the throne), to accede; to start (on a journey), to commence, to depart; to study (under teacher), to be an apprentice"
"注ぐ","つぐ","to pour (into a vessel), to fill (a cup, bowl, etc.) with, to dish out (food or drink)"
"付ける","つける","to attach, to join, to connect, to add, to append, to affix, to stick, to glue, to fasten, to sew on, to apply (ointment), to put against; to furnish (a house with); to wear, to put on; to keep a diary, to make an entry; to appraise, to set (a price); to allot, to budget, to assign; to bring alongside; to place (under guard or doctor); to follow (someone), to shadow, to tail, to stalk; to load, to give (courage to); to keep (an eye on); to establish (relations or understanding); to turn on (a light); to produce flowers (of a plant), to produce fruit; to do intensely, to do fiercely, to do strongly; to be used to (doing), to be accustomed to"
"土","つち, つし","earth, soil, dirt, clay, mud; the earth (historically, esp. as opposed to the heavens), the ground, the land; low-quality torinoko-gami (containing mud); (period of) refraining from construction in the direction of the god of the earth (in Onmyōdō)"
"包み","つつみ","bundle, package, parcel; counter for wrapped objects"
"続き","つづき","continuation, rest (of the story, work, etc.), next installment, sequel; flow (e.g. of a piece of writing), pacing (of a story); succession (of), sequence, series, spell, stretch, streak, run"
"勤め","つとめ","service, duty, business, responsibility, task; Buddhist religious services"
"繋ぐ","つなぐ","to connect, to link together; to tie, to fasten, to restrain; to maintain, to preserve, to keep; to transfer (phone call), to put a person through; to hedge, to buy or sell forward"
"常に","つねに","always, constantly"
"翼","つばさ, よく","wing; Chinese ""Wings"" constellation (one of the 28 mansions); counter for birds or bird wings"
"詰まり","つまり","that is to say, that is, in other words, I mean, that (this, it) means; in short, in brief, to sum up, ultimately, in the end, in the long run, when all is said and done, what it all comes down to, when you get right down to it, basically; clogging, obstruction, stuffing, (degree of) blockage; shrinkage; end, conclusion; dead end, corner; distress, being at the end of one's rope"
"罪","つみ","crime, sin, wrongdoing, indiscretion; penalty, sentence, punishment; fault, responsibility, culpability; thoughtlessness, lack of consideration"
"詰める","つめる","to stuff into, to jam, to cram, to pack, to fill, to plug, to stop up; to shorten, to move closer together; to reduce (spending), to conserve; to focus intently on, to strain oneself to do; to go through thoroughly, to work out (details), to bring to a conclusion, to wind up; to be on duty, to be stationed; to corner (esp. an opponent's king in shogi), to trap, to checkmate; to cut off (one's finger as an act of apology), to catch (one's finger in a door, etc.); to do non-stop, to do continuously, to keep doing (without a break); to do completely, to do thoroughly; to force someone into a difficult situation by ..."
"積もる","つもる","to pile up, to accumulate; to estimate"
"梅雨","つゆ, ばいう","(East Asian) rainy season (in Japan, usu. from early June to mid-July); rain during the rainy season"
"辛い","つらい, ツライ, ツラい","painful, bitter, heart-breaking, difficult (emotionally); tough, difficult, hard (usu. of situations); cruel, harsh, cold"
"釣り","つり","fishing, angling; change (for a purchase); clickbaiting; trolling, bait, making deliberately inflammatory posts online"
"連れ","つれ, ツレ","companion, company; tritagonist, second supporting character"
"提案","ていあん","proposal, proposition, suggestion"
"定期","ていき","fixed period, fixed term; regular, periodic, periodical; fixed-term commuter pass; fixed-term deposit; futures contracts"
"抵抗","ていこう","resistance, opposition, standing up to; reluctance, repulsion, repugnance; resistance, drag, friction; electrical resistance; resistor"
"提出","ていしゅつ","presentation (of documents), submission (of an application, report, etc.), production (e.g. of evidence), introduction (e.g. of a bill), filing, turning in"
"程度","ていど","degree, amount, grade, standard, of the order of (following a number), about, approximately"
"停留所","ていりゅうじょ","stop (bus, tram, etc.), station, stopping place"
"敵","てき","opponent, rival, adversary; menace, danger, threat, enemy"
"適する","てきする","to fit, to suit"
"適切","てきせつ","appropriate, suitable, fitting, apt, proper, right, pertinent, relevant"
"適度","てきど","moderate (degree), proper (amount), temperate, suitable"
"適用","てきよう","application (of a rule, law, method, etc.)"
"手品","てじな","magic (illusion), conjuring, magic trick, conjuring trick, sleight of hand"
"徹底","てってい","thoroughness, completeness, consistency; thorough enforcement, seeing to it that a policy, etc. is carried out without exception"
"鉄","てつ","iron (Fe); steel; iron (will, discipline, lady, etc.); railway; railway enthusiast"
"哲学","てつがく","philosophy"
"手伝い","てつだい","helper, assistant; help, assistance"
"鉄道","てつどう","railroad, railway, rail transport"
"徹夜","てつや","staying up all night"
"手間","てま","time, labour, labor"
"典型","てんけい","type, pattern, model, epitome, exemplar, archetype, perfect example"
"天候","てんこう","weather"
"","テント","tent"
"天然","てんねん","nature, spontaneity; natural airhead"
"出","で","coming out, going out, outflow, efflux, rising (of the Sun or the Moon); attending (work), appearing (on stage), one's turn to go on; start, beginning; origins, background, person (or item) originating from ..., graduate of ..., native of ..., member of ... (lineage); architectural member that projects outward; highest point of the stern of a ship; amount (comprising something), amount of time or effort required to do something"
"出会い","であい","meeting, rendezvous, encounter; meeting for the first time, coming across; confluence"
"出会う","であう","to meet (by chance), to come across, to run across, to encounter, to happen upon; to meet (e.g. of rivers, highways, etc.); to emerge and engage (an enemy)"
"出来事","できごと","occurrence, happening, incident, event"
"出切る","できる","to be out of, to have no more at hand"
"出来るだけ","できるだけ","as much as one can, as much as possible, if at all possible"
"出来れば","できれば","if possible"
"","ですから","so, therefore, accordingly, consequently, on those grounds, that is why, for that reason"
"出端","では","chance of going out, opportunity (to succeed); musical accompaniment for an actor going on stage"
"","デモ","demonstration, protest; (giving a) demo, demonstration, presentation"
"","でも","but, however, though, nevertheless, still, yet, even so, also, as well; even; however, no matter how, even if, even though; ... or something; either ... or ..., neither ... nor ...; pseudo-, quack, in-name-only; for lack of anything better to do"
"電子","でんし","electron; electronic"
"伝統","でんとう","tradition, convention"
"","デート, デイト","date (with someone), (social) outing (for two), date night; date (day)"
"問い","とい","question, query"
"党","とう","party (political); person who is fond of, fan of"
"塔","とう","tower, steeple, spire; stupa, pagoda, dagoba"
"答案","とうあん","examination paper, examination script, answer sheet; answer (to an exam question)"
"当時","とうじ","at that time, in those days"
"到着","とうちゃく","arrival"
"投票","とうひょう","voting, ballot, poll, vote"
"通す","とおす","to stick through, to force through; to spread throughout, to thoroughly diffuse; to make a path between two points; to proceed in a logical manner; to let pass, to allow through; to lead (someone) into (a house, room, etc.), to show in; to go through (a middleman); to (look, listen) through (a window, wall, etc.); to pass (a law, applicant, etc.); to force to accept, to force agreement; to continue (in a state), to persist in; to do to the entirety of, to cover all of, to span the whole ...; to do from beginning to end without a break; to convey (one's ideas, etc.) to the other party; to do to the end, to carry through, to complete"
"通り","とおり","street, road, avenue, thoroughfare; traffic, coming and going; flow (of water, air, etc.), passage, running; transmission (of sound), reach (of voice); reputation, favor, favour, popularity; understanding, comprehension, comprehensibility, clarity; the same way (as), as (follows, stated, expected, etc.); counter for sets of things; counter for methods, ways, kinds, etc."
"通り過ぎる","とおりすぎる","to go past, to pass, to pass by"
"都会","とかい","city; Tokyo Metropolitan Assembly"
"時","とき","time, hour, moment; occasion, case; chance, opportunity, season; the times, the age, the day; tense"
"解く","とく","to untie, to unfasten, to unwrap, to undo, to unbind, to unpack; to unsew, to unstitch; to solve, to work out, to answer; to dispel (misunderstanding, etc.), to clear up, to remove (suspicion), to appease; to dissolve (a contract), to cancel, to remove (a prohibition), to lift (a ban), to raise (a siege); to release (from duty), to relieve, to dismiss; to comb (out), to card, to untangle (hair)"
"得意","とくい","satisfaction, pride, triumph, elation; one's strong point, one's forte, one's specialty; regular customer, regular client, patron"
"特徴","とくちょう","feature, trait, characteristic, peculiarity, distinction"
"解ける","とける","to be solved, to be resolved; to loosen, to come untied, to come undone; to be removed (of restrictions), to be lifted (e.g. a ban), to be broken (spells, curses, etc.); to dissipate (of anger, tension, etc.), to melt away, to ease, to be appeased, to be resolved (of a dispute, misunderstanding, etc.), to be cleared up"
"所が","ところが","even so, however, still, whereupon, even though, nevertheless, on the contrary, as a matter of fact, despite"
"所で","ところで","by the way, incidentally, well, now; even if, no matter (what, where, how, etc.)"
"登山","とざん","mountain climbing, mountaineering, ascent of a mountain"
"都市","とし","town, city, municipal, urban"
"年月","としつき, ねんげつ","months and years"
"図書","としょ, ずしょ","books"
"年寄り","としより","old person, elderly person, senior citizen; trustee of the Japan Sumo Association, retired high-ranking wrestler who is licensed to coach and receives retirement pay; senior statesman (of the Tokugawa shogunate); important local official (under the Tokugawa Shogunate)"
"閉じる","とじる","to close (e.g. book, eyes, meeting, etc.), to shut"
"途端","とたん","just (now, at the moment, etc.), just as, in the act of, as soon as, at the moment that"
"土地","とち, どおじ, どじ, どち","plot of land, lot, soil; locality, region, place"
"","トップ","top; top position; senior management, senior bureaucrat; home page (of a website)"
"突然","とつぜん","abrupt, sudden, unexpected"
"届く","とどく","to reach, to touch, to get to, to carry (of sound); to be delivered, to arrive; to be attentive, to be scrupulous, to be thorough; to be realized (of a desire), to be fulfilled, to get through (to someone), to be appreciated, to make an impression"
"兎に角","とにかく","anyway, anyhow, at any rate, in any case, at least, just; setting aside ..., regardless of ...; really, truly, certainly, definitely, undeniably"
"飛ばす","とばす","to let fly, to make fly, to send flying, to blow off (e.g. in the wind), to launch, to fire, to hurl, to shoot; to skip over, to leave out, to omit, to drop (e.g. a stitch), to fast-forward; to run fast, to drive fast, to gallop; to spray, to splash, to spatter; to say without reservation, to call out (e.g. a jeer), to rattle off (e.g. a joke); to spread (e.g. a rumour), to circulate, to send out (a message), to issue (e.g. an appeal); to transfer (to a less important post), to send away (e.g. to a provincial branch), to demote; to dispatch quickly (e.g. a reporter); to get rid of, to burn off (alcohol); to attack (e.g. with a leg manoeuvre); to do vigorously, to do roughly, to do energetically"
"飛び出す","とびだす","to jump out, to leap out, to fly out, to run out, to rush out, to bolt out; to appear (suddenly), to emerge, to come out; to protrude, to project, to jut out, to stick out; to leave (a company, one's hometown, etc.), to run away (from home), to cut ties with; to start flying"
"止める","とめる","to stop, to turn off; to park; to prevent, to suppress (a cough), to hold back (tears), to hold (one's breath), to relieve (pain); to stop (someone from doing something), to dissuade, to forbid, to prohibit; to notice, to be aware of, to concentrate on, to pay attention to, to remember, to bear in mind; to fix (in place), to fasten, to tack, to pin, to nail, to button, to staple; to detain, to keep in custody"
"友","とも","friend, companion, comrade, pal; accompaniment, companion (e.g. book), complement, accessory"
"共に","ともに","together, jointly; at the same time, with, as ..., including, along with; both"
"虎","とら, トラ","tiger (Panthera tigris); drunkard, drunk, sot"
"","トラック","truck, lorry"
"","トランプ, トラムプ","(Western) playing cards"
"取り上げる","とりあげる","to pick up; to adopt (a proposal), to take up (a topic), to accept, to listen to; to take issue with, to make a problem of, to bring up (as a point of criticism); to report (news), to cover, to feature; to take away, to confiscate, to deprive (someone) of, to revoke, to disqualify, to cancel; to deliver (a baby); to collect (taxes)"
"取れる","とれる","to come off (of a button, handle, lid, etc.); to go away (of a fever, pain, swelling, etc.), to disappear, to come out (of a stain), to come off (e.g. of dust), to be removed (e.g. of wrinkles); to be harvested, to be picked, to be produced, to be caught (of fish), to be obtained, to be extracted; to be interpreted (as), to be taken (as), to be understood (as), to be read (as); to be attained (of balance, harmony, etc.), to be achieved; to be able to get, to be able to obtain, to be able to secure, to be able to win, to be able to catch"
"とんでも無い","とんでもない","unthinkable, unexpected, absurd, outrageous, preposterous, terrible; absolutely not!, far from it!, impossible!, preposterous!, what a thing to say!, no way!; (it was) no bother at all, not at all, don't mention it"
"","トンネル","tunnel; to tunnel (through a potential barrier); letting a grounder go through one's legs"
"度","ど","degree (angle, temperature, scale, etc.); counter for occurrences; strength (of glasses), glasses prescription; alcohol content (percentage), alcohol by volume; extent, degree, limit; presence of mind, composure"
"同一","どういつ","identical, same, one and the same, equal; fair, equal treatment, without discrimination"
"銅貨","どうか","copper coin"
"動詞","どうし","verb"
"如何しても","どうしても","by all means, at any cost, no matter what, at any rate, surely; whether (one is) willing or not, willingly or unwillingly, willy-nilly; on no account, by no means; in the end, in the long run, after all, eventually"
"同時","どうじ","same time; simultaneous, concurrent, synchronous"
"道徳","どうとく","morals, morality"
"同様","どうよう","same, similar, (just) like, equal"
"同僚","どうりょう","coworker, co-worker, colleague, associate"
"道路","どうろ","road, highway"
"毒","どく","poison, toxicant; harm, evil influence; ill will, spite, malice; abusive language"
"読書","どくしょ, とくしょ","reading (books)"
"独身","どくしん","unmarried, single"
"独特","どくとく","peculiarity, uniqueness, characteristic; understood only by oneself"
"独立","どくりつ","independence, self-reliance, supporting oneself, being on one's own; independence (e.g. of a nation), freedom; separation, isolation"
"何処か","どこか, どっか","somewhere; in some respects, in some way"
"土曜","どよう","Saturday"
"","ドライブ","drive, trip by car, driving; to (go for a) drive, to go on a trip by car; to drive (e.g. a car); to drive (innovation, change, etc.), to propel; drive"
"","ドラマ","(non-documentary) television series, TV drama, teledrama, play; drama, dramatic incident, spectacle, tragedy"
"努力","どりょく","effort, exertion, endeavour, endeavor, hard work, striving"
"何れ","どれ","which (of three or more); well, now, c'mon"
"","ドレス","dress"
"泥","どろ","mud, (wet) dirt; thief; Android (mobile operating system)"
"","どんな","what kind of, what sort of, what; no matter what (kind of), whatever, any, all"
"","どんなに","how, how much, to what extent; no matter how (much), however"
"名","な","name, given name; title; fame, renown, reputation; pretext, pretense, justification, appearance"
"内容","ないよう","contents, content, substance, matter, detail, import"
"直","なお","straight; ordinary, common; doing nothing"
"仲","なか","relation, relationship"
"中々","なかなか","very, considerably, easily, readily, fairly, quite, highly, rather; by no means, not readily; middle, half-way point; excellent, wonderful, very good"
"半ば","なかば","middle, halfway, midway; half (of), one half; half (e.g. done, jokingly), partly, in part, partially; mostly, almost, nearly"
"仲間","なかま","companion, fellow, friend, mate, comrade, partner, colleague, coworker, associate; group, company, circle, set, gang; member of the same category (family, class)"
"流す","ながす","to drain, to pour, to run, to let flow, to flush, to shed (blood, tears), to spill; to float (e.g. logs down a river), to set adrift; to wash away, to carry away, to sweep away; to broadcast, to play (e.g. music over a loudspeaker), to send (electricity through a wire); to circulate (a rumour, information, etc.), to spread, to distribute; to cruise (of a taxi), to stroll around (in search of customers, an audience, etc.), to go from place to place; to cancel (a plan, meeting, etc.), to call off, to reject (e.g. a bill); to forfeit (a pawn); to do leisurely (e.g. running, swimming), to do with ease, to do effortlessly; to exile, to banish; to hit (the ball) to the opposite field; to do inattentively, to do without concentrating, to put little effort into doing; to cause a miscarriage, to abort"
"眺め","ながめ","scene, view, prospect, outlook"
"眺める","ながめる","to look at, to gaze at, to watch, to stare at; to look out over, to get a view of, to admire (e.g. the scenery); to look on (from the sidelines), to stand by and watch, to observe"
"流れ","ながれ","flow (of a fluid or gas), stream, current; flow (of people, things), passage (of time), tide, passing, (changing) trends, tendency; course (of events), (step-by-step) procedure, process; group of people who remain together after the end of an event; descent, ancestry, school; forfeiture, foreclosure; cancellation; drifting, wandering, roaming"
"流れる","ながれる","to stream, to flow (liquid, time, etc.), to run (ink); to be washed away, to be carried; to drift, to float (e.g. clouds), to wander, to stray; to sweep (e.g. rumour, fire), to spread, to circulate; to be heard (e.g. music), to be played; to lapse (e.g. into indolence, despair); to pass, to elapse, to be transmitted; to be called off, to be forfeited; to disappear, to be removed"
"無し","なし","without; unacceptable, not alright, unsatisfactory; nonexistent, not being (there)"
"何故なら","なぜなら","because, the reason is, if you want to know why"
"謎","なぞ","riddle, puzzle, enigma, mystery; enigmatic, mysterious"
"納得","なっとく","consent, agreement, acceptance; understanding, satisfaction (e.g. with an explanation), being convinced"
"等","など","et cetera, etc., and the like, and so forth; or something; the likes of; for example, for instance, for one"
"何","なに, ナニ","what; you-know-what, that thing; whatsit, whachamacallit, what's-his-name, what's-her-name; penis, (one's) thing, dick; (not) at all, (not) in the slightest; what?, huh?; hey!, come on!; oh, no (it's fine), why (it's nothing), oh (certainly not)"
"何か","なにか, なんか","something, some, any; somehow, for some reason; (so) what (are you trying to say)?, what (do you mean)?"
"何も","なにも, なんも","(not) anything, (nothing) at all, (not) any, nothing; and everything else, and all; (not) at all, (not) in the least, (not) especially, (not) to that extent"
"鍋","なべ","pan, pot, saucepan; stew, hot pot"
"生","なま","raw, uncooked, fresh; natural, as it is, unedited, unprocessed; unprotected (sex), raw, bareback; live (i.e. not recorded); inexperienced, unpolished, green, crude; impudence, sauciness; unpasteurized beer, draft beer, draught beer; blank (e.g. disk), unused; just a little, somehow, vaguely, partially, somewhat, half-, semi-; insufficient, incomplete, half-baked, half-hearted, perfunctory; cash; tipsiness"
"怠ける","なまける","to be lazy, to be idle, to slack; to neglect (e.g. one's work), to be neglectful of, to skip (e.g. school)"
"生物","なまもの","raw food, perishables"
"波","なみ","wave, billow, ripple, breaker, swell; ups and downs; (something) advancing step by step, (something) surging forward inopposably, succession of changes; tendency, (new) wave"
"涙","なみだ, なみた, なだ, なんだ","tear, tears, lachrymal secretion; sympathy"
"悩む","なやむ","to be worried, to be troubled"
"成る","なる","to become, to get, to grow, to turn, to reach, to attain; to result in, to turn out, to end up, to prove (to be); to consist of, to be composed of, to be made up of; to be completed, to be realized, to succeed, to be attained, to be accomplished; to change (into), to turn (into), to transform; to come (to do), to begin (to do), to grow (to do); to come to, to amount to, to add up to, to make; to play (the part of), to act as; to be used for, to be useful for, to serve as; to be promoted; to do ..."
"縄","なわ","rope, cord; policeman's rope"
"何","なん","what; how many; many, a lot of; several, a few, some"
"何で","なんで","why?, what for?; how?, by what means?"
"何でも","なんでも","any, anything, whatever, whatever one likes, everything, all; I am told, I hear, I understand, they say"
"何とか","なんとか","something, something or other, so-and-so; somehow, anyhow, one way or another"
"似合う","にあう","to suit, to match, to become, to be like"
"匂い","におい","smell, scent, odour, odor, stench; aura, whiff, smack, flavour, flavor, mood; faint, mist-like pattern along the temper line of a Japanese sword"
"苦手","にがて","poor (at), weak (in), not very good (at); not one's cup of tea, not one's favorite"
"握る","にぎる","to clasp, to grasp, to grip, to clutch; to hold (the answer), to have (e.g. the solution), to be the key, to be the reason; to seize (power), to hold (the reins), to dominate, to control; to make (nigirizushi, rice ball, etc.), to form (with one's hands), to press into shape, to mold, to mould"
"日","にち","Sunday; nth day (of the month); counter for days; Japan"
"日常","にちじょう","everyday, daily, ordinary, usual, routine, regular"
"日曜","にちよう","Sunday"
"日光","にっこう","sunlight, sunshine, sunbeams; Nikkō (city in Tochigi)"
"","にっこり, ニッコリ, にこり, ニコリ","sweetly (smiling), broadly (grinning)"
"日中","にっちゅう","daytime, during the day; Japan and China, Japanese-Chinese, Sino-Japanese"
"日本","にほん, にっぽん","Japan"
"入院","にゅういん","hospitalization, hospitalisation"
"入学","にゅうがく","admission (to a school or university), entrance, enrolment, enrollment, matriculation"
"入場","にゅうじょう","entrance, entering, admission, admittance"
"人気","にんき","popularity, public favor; condition (e.g. market), tone, character, nature"
"人間","にんげん","human being, human, person, man, mankind, humankind; character (of a person)"
"抜く","ぬく","to pull out, to draw out, to extract, to unplug, to weed; to omit, to leave out, to go without, to skip; to do to the end, to do thoroughly, to do completely, to do severely; to let out (e.g. air from a tyre), to drain (e.g. water from a bath), to empty; to pick out, to choose, to select, to extract; to pilfer, to steal; to remove, to get rid of, to take out; to pass, to overtake, to outstrip, to get ahead of; to pierce, to break through, to go through; to cut out (a shape), to create (a pattern) by dying the surrounding area; to seize, to capture, to reduce; to scoop (a story); to take out (an opponent's stones; in go); to masturbate (of a male), to ejaculate (while masturbating); to take (a photo), to record (video)"
"抜ける","ぬける","to come out, to fall out, to be omitted, to be missing, to escape, to come loose; to fade, to discolour; to wear a hole (e.g. clothes); to leave (e.g. a meeting); to be clear, to be transparent (e.g. of the sky); to be absentminded, to be careless, to be inattentive, to be foolish; to exit (a program loop); to go through, to pass through, to give way, to collapse; to finish a round with more than 88 points (not counting points gained from scoring combinations)"
"布","ぬの, ふ","cloth, fabric, material, textile; bujian (spade-shaped bronze coin of ancient China)"
"濡れる","ぬれる","to get wet"
"根","ね","root (of a plant); root (of a tooth, hair, etc.), center (of a pimple, etc.); root (of all evil, etc.), source, origin, cause, basis; one's true nature; (fishing) reef"
"値","ね","price, cost; value, worth, merit"
"願い","ねがい","desire, wish, hope; request, entreaty, plea, appeal; prayer; (written) application"
"願う","ねがう","to desire, to wish, to hope; to beg, to request, to implore, to pray; to have something done for oneself"
"鼠","ねずみ, ネズミ","mouse, rat; dark gray, slate gray"
"値段","ねだん","price, cost"
"熱心","ねっしん","zealous, enthusiastic, ardent, fervent, keen, eager"
"熱帯","ねったい","tropics"
"熱中","ねっちゅう","being enthusiastic about, being wild about, being absorbed in, being engrossed in, being devoted to"
"年間","ねんかん","(period of) a year; during the era (of)"
"年中","ねんじゅう, ねんちゅう, ねんぢゅう","whole year, all year round, throughout the year; always, all the time, perpetually; during an era; second-year kindergarten student"
"年代","ねんだい","age, era, period, date"
"年齢","ねんれい","age, years"
"野","の, や, ぬ","plain, field; hidden (structural) member; wild; lacking a political post"
"能","のう","talent, gift, function; noh (theatre)"
"農家","のうか","farmer, farming family; farmhouse; School of Agrarianism (China), School of Agronomists"
"農業","のうぎょう","agriculture, farming"
"農民","のうみん","farmer, peasant"
"能力","のうりょく","ability, faculty"
"軒","のき","eaves; narrow aisle surrounding the core of a temple building"
"残す","のこす","to leave (behind); to leave (undone), to not finish; to save, to set aside, to reserve; to leave (to someone, esp. after one's death), to bequeath; to stay (in the ring), to hold on"
"残り","のこり","remainder, remnant, the rest, what is left, balance, leftovers"
"乗せる","のせる","to place on (something); to give (someone) a ride, to give a lift, to pick up, to help on board; to load (luggage), to carry, to take on board; to send out (on the airwaves, etc.); to deceive, to take for a ride; to (sing) along with (musical accompaniment); to let (someone) take part; to excite (someone); to publish (an article), to run (an ad)"
"除く","のぞく","to remove, to get rid of, to take away, to eliminate; to exclude, to except, to leave out, to omit; to kill (a traitor, opponent, etc.)"
"望み","のぞみ","wish, desire, hope; prospect, expectation, (one's) hopes"
"望む","のぞむ","to desire, to want, to wish for, to hope for; to expect (of someone), to hope for, to look forward to; to see, to command (a view of), to overlook"
"後","のち","later, afterwards; future; after one's death; descendant"
"","ノック","knock, knocking; fungo hitting, hitting balls for fielding practice; tap, click (e.g. of a retractable pen or mechanical pencil)"
"喉","のど, のんど, のみと, のみど, ノド","throat; singing voice; gutter (inner margins of a book)"
"伸ばす","のばす","to grow long (e.g. hair, nails); to lengthen, to extend, to stretch; to reach out, to hold out; to straighten, to smooth out; to spread evenly (dough, cream, etc.); to dilute, to thin out; to postpone; to prolong; to strengthen, to develop, to expand"
"伸びる","のびる","to stretch, to extend, to lengthen, to grow (of hair, height, grass, etc.); to straighten out, to be flattened, to become smooth; to spread (of paint, cream, etc.); to stretch out (e.g. of a hand), to extend; to lose elasticity, to become slack, to become soggy (e.g. of noodles); to make progress, to develop, to expand, to increase, to improve; to be exhausted, to get groggy, to be stunned (by a blow), to pass out, to collapse; to be prolonged (of a meeting, life span, etc.), to be extended (e.g. of a deadline), to lengthen (e.g. of the days); to be postponed, to be delayed, to be put off"
"述べる","のべる","to state, to express, to say, to tell, to mention"
"上る","のぼる","to ascend, to go up, to climb; to ascend (as a natural process, e.g. the Sun), to rise; to go to (the capital); to be promoted; to add up to; to advance (in price); to swim up (a river), to sail up; to come up (on the agenda)"
"","のんびり, ノンビリ","at leisure, in a relaxed manner, in a carefree manner, quietly, peacefully"
"","ノー, ノウ","no; no, without, not needed, not allowed"
"灰","はい","ash, ashes"
"","ハイキング","hiking"
"配達","はいたつ, はいだつ","delivery"
"俳優","はいゆう","actor, actress, player, performer"
"墓","はか","grave, gravesite, tomb"
"博士","はかせ","expert, learned person; doctor, PhD, Dr.; instructor at the imperial court (ritsuryō period); pitch and length marks (to accompany a Buddhist liturgical chant, etc.)"
"計る","はかる","to measure, to weigh, to survey, to time (sound, gauge, estimate); to conjecture, to infer, to surmise"
"吐く","はく","to vomit, to throw up, to spit up; to emit, to send forth, to breathe out; to give (an opinion), to make (a comment), to express, to tell; to confess"
"履く","はく","to put on (lower-body clothing, e.g. pants, skirt, footwear), to wear; to affix (a sword to one's hip); to affix (a bowstring to a bow)"
"拍手","はくしゅ","clapping hands, applause; clapping one's hands in prayer (at a shrine)"
"博物館","はくぶつかん","museum"
"激しい","はげしい","violent, furious, tempestuous; extreme, intense, fierce, strong; fervent, vehement; incessant, relentless; precipitous, steep"
"鋏","はさみ, ハサミ","scissors, shears, clippers; hole punch"
"破産","はさん","bankruptcy, insolvency"
"端","はし, はじ, はな","end (e.g. of street), tip, point, edge, margin; beginning, start, first; odds and ends, scrap, odd bit, least"
"始まり","はじまり","origin, beginning, start"
"外す","はずす","to remove, to take off, to detach, to unfasten, to undo; to drop (e.g. from a team), to remove (from a position), to exclude, to expel; to leave (e.g. one's seat), to go away from, to step out, to slip away; to dodge (a question, blow, etc.), to evade, to sidestep, to avoid (e.g. peak season); to miss (a target, chance, punch, etc.)"
"旗","はた","flag; pataka (banner); banner (administrative division of Inner Mongolia)"
"畑","はたけ, はた","field (for growing wheat, fruit, vegetables, etc.), cultivated land, vegetable plot, kitchen garden, plantation; field (of specialization), sphere, area, line; womb, birth, birthplace"
"２０歳","はたち, にじゅっさい, にじっさい","20 years old; twenty"
"働き","はたらき","work, labor, labour; achievement, performance, ability, talent; salary, income, earnings; action, activity, workings, function, operation, movement, motion; conjugation, inflection"
"肌","はだ, はだえ","skin; body (in the context of intimate bodily contact); surface, grain (e.g. of wood), texture; disposition, temperament, character, type"
"裸","はだか","nakedness, nudity; bareness, nakedness, baldness, being uncovered; being penniless; concealing nothing, openness"
"発見","はっけん","discovery, detection, finding"
"発行","はっこう","publication (of a newspaper, magazine, book, etc.), issue; issue (of banknotes, bonds, passport, etc.); raising (an event)"
"発車","はっしゃ","departure (of a train, car, etc.), starting, leaving"
"発達","はったつ","development, growth"
"発展","はってん","development, growth, expansion, extension, flourishing; development (of a situation, story, etc.), advancement, progression, unfolding; playing around (sexually; esp. of a male homosexual), having an active sex life"
"発表","はっぴょう","announcement, publication, presenting, statement, communique, making known, breaking (news story), expressing (one's opinion), releasing, unveiling"
"発明","はつめい","invention; intelligent, clever, smart"
"話し合う","はなしあう","to discuss, to talk together"
"放す","はなす","to release, to let go, to free, to set free, to let loose, to turn loose; to add (pieces of eggplant, potato, etc.) to water, broth, etc."
"離す","はなす","to separate, to part, to divide, to keep apart"
"離れる","はなれる","to be separated, to be apart, to be distant; to leave, to go away; to leave (a job, etc.), to quit, to give up; to lose connection with, to drift away from"
"羽","はね, は","feather, plume, down; wing; blade (of a fan, propeller, etc.); shuttlecock (in badminton); shuttlecock (in hanetsuki); arrow feathers"
"母親","ははおや","mother"
"幅","はば","width, breadth; freedom (e.g. of thought), latitude; gap, difference (e.g. in price), range (e.g. of voice)"
"省く","はぶく","to omit, to leave out, to exclude, to eliminate; to curtail, to save, to cut down, to economize, to economise"
"原","はら","field, plain, prairie, tundra, moor, wilderness"
"腹","はら","abdomen, belly, stomach; womb; one's mind, one's real intentions, one's true motive; courage, nerve, willpower; generosity, magnanimity; feelings, emotions; wide middle part, bulging part; inside, interior, inner part; anti-node; counter for hard roe; counter for containers with bulging middles (pots, vases, etc.)"
"針","はり, ち","needle, pin; hook; stinger, thorn; hand (e.g. clock, etc.), pointer; staple (for a stapler); needlework, sewing; malice; counter for stitches"
"張る","はる","to stick, to paste, to affix; to stretch, to spread, to strain, to tighten, to put up (e.g. a tent); to form (e.g. ice on a pond); to fill, to swell; to stick out, to push out; to post (a link, etc. online); to be expensive; to keep a watch on, to be on the lookout; to slap; to become one tile away from completion; to span, to generate"
"範囲","はんい","extent, scope, sphere, range, span"
"反抗","はんこう","opposition, resistance, insubordination, defiance, hostility, rebellion"
"","ハンサム","handsome"
"犯罪","はんざい","crime, offence, offense"
"判断","はんだん","judgment, judgement, decision, conclusion, adjudication; divination; judgement"
"犯人","はんにん","offender, criminal, culprit"
"販売","はんばい","sale, sales, selling, marketing"
"場","ば","place, spot, space; field, discipline, sphere, realm; occasion, situation; scene (of a play, movie, etc.); session; field, table, area in which cards are laid out; round (east, south, etc.); field; field (in Gestalt psychology)"
"","バイオリン, ヴァイオリン","violin"
"馬鹿","ばか, バカ","idiot, moron, fool; stupid, foolish, dull, absurd, ridiculous; trivial, insignificant, disappointing; malfunctioning, defective, losing sensation; incredibly, unusually, exceptionally; fervent enthusiast, nut, person singularly obsessed with something; Mactra chinensis (species of trough shell)"
"莫大","ばくだい","vast, huge, immense, enormous, colossal; malva nut (Scaphium affine)"
"爆発","ばくはつ","explosion, detonation, blast, blowing up, eruption; outburst (of emotion), explosion (e.g. of anger), eruption (e.g. of discontent)"
"","バッグ, バック","bag"
"罰する","ばっする","to punish, to penalize, to penalise"
"","ばったり, バッタリ, ばたり, バタリ, ばったん, バッタン","with a clash, with a thud, with a bang, with a flop, plump; unexpectedly (meeting someone); suddenly (ending), abruptly (coming to a halt)"
"場面","ばめん","scene, setting, place (where something happens), scenario, case; scene (in a movie, play), shot; state of the market"
"番","ばん","number (in a series); (one's) turn; watch, guard, lookout; rank, standing, position; bout, match; pieces (in a collection)"
"","パイプ","pipe, tube; (tobacco) pipe; cigarette holder; go-between, intermediary, mediator, connections (with), channel (of communication)"
"","パイロット","pilot"
"","パス","path (of a file, directory, etc.); path (in vector graphics), vector"
"","パスポート","passport"
"","パーセント","percent, per cent, percentage"
"灯","ひ","light, lamp"
"比較","ひかく","comparison"
"被害","ひがい","(suffering) damage, injury, harm"
"轢く","ひく","to run over (with a vehicle), to knock down"
"悲劇","ひげき","tragedy, tragic drama, tragic play; tragedy, calamity, disaster"
"飛行","ひこう","flight, flying, aviation"
"膝","ひざ, ヒザ","knee; lap, knee and thigh (while sitting)"
"非常","ひじょう","emergency; extreme, great, extraordinary, remarkable, unusual, terrible, severe"
"額","ひたい","forehead, brow"
"必死","ひっし","frantic, frenetic, desperate; inevitable death; brinkmate (inevitable checkmate)"
"引っ張る","ひっぱる","to pull, to draw, to pull tight; to string (lines), to run (cable), to stretch; to pull towards oneself (e.g. someone's sleeve); to drag, to haul, to tow; to lead (e.g. one's followers); to take someone somewhere (e.g. a suspect to the police); to tempt into joining, to strongly invite to join; to delay, to prolong; to lengthen the pronunciation (of a word); to quote, to cite, to reference; to pull the ball; to wear, to put on"
"日付","ひづけ","date, dating"
"否定","ひてい","denial, negation, repudiation, disavowal; negation; NOT operation"
"一言","ひとこと, いちげん, いちごん","single word, a few words, brief comment"
"人ごみ","ひとごみ","crowd of people"
"等しい","ひとしい","equal, identical, the same; no different (from), just like, equivalent"
"一人","ひとり, いちにん","one person; being alone, being by oneself; being single, being unmarried; by oneself, alone; just, only, simply"
"一人一人","ひとりひとり, ひとりびとり","each (person), individually, one by one, one at a time, in turn"
"批判","ひはん","criticism, judgement, judgment, comment"
"批評","ひひょう","criticism, critique, review, commentary"
"秘密","ひみつ","secret, secrecy, confidentiality, privacy; mystery; secret (e.g. to success); esoteric teachings"
"紐","ひも, ヒモ","string, cord; leash; man who is financially dependent on a woman, gigolo, pimp; restrictions, conditions; mantle (shellfish, etc.); small intestine (beef, pork), oviduct meat (chicken)"
"表","ひょう","table, chart, list; memorial to an emperor"
"評価","ひょうか","valuation, appraisal, evaluation, assessment, estimation, rating, judging; appreciation, recognition, acknowledgement, rating highly, praising"
"表現","ひょうげん","expression, representation, description; representation (of a group)"
"表情","ひょうじょう","facial expression, countenance; look, appearance, expression (vocal, etc.)"
"評判","ひょうばん","reputation, (public) estimation, popularity; rumour, rumor, talk (e.g. of the town); fame, notoriety"
"表面","ひょうめん","surface, face; outside, exterior; appearances, superficiality"
"費用","ひよう","cost, expense"
"広がる","ひろがる","to spread (out), to extend, to stretch, to reach to, to get around, to fill (e.g. a space)"
"品","ひん","elegance, grace, refinement, class, dignity; article, item; counter for items (of food, etc.), counter for dishes or courses (at a restaurant)"
"美人","びじん","beautiful woman, (a) beauty"
"吃驚","びっくり, ビックリ","to be surprised, to be amazed, to be frightened, to be astonished, to get startled, to jump; surprise (e.g. surprise party)"
"","ビデオ, ヴィデオ","video (esp. a televised image); videotape, VHS tape, videocassette; videocassette recorder, VCR; video (short film)"
"微妙","びみょう, ビミョー","subtle, delicate, fine; difficult, complex, tricky, delicate (situation, position, etc.), close (e.g. decision); doubtful, questionable, dicey; not great, iffy"
"秒","びょう","second (unit of time); arc second"
"平等","びょうどう","equality, impartiality, evenness"
"便","びん","flight (e.g. airline flight), trip (e.g. train trip), service; mail, post, letter; opportunity, chance"
"瓶","びん, ビン","bottle, jar, decanter, flagon, phial, vial"
"","ビール","beer"
"","ピクニック","picnic; outing, hike"
"","ぴったり, ピッタリ, ぴたり, ピタリ, ぴったし, ピッタシ","tightly, closely; exactly, precisely; suddenly (stopping); perfectly (suited), ideally"
"","ピン","pin (e.g. hairpin, safety pin); (bowling) pin; pin, flagstick"
"不","ふ","un-, non-"
"不安","ふあん","anxiety, uneasiness, worry, apprehension, fear, insecurity, suspense"
"風景","ふうけい","scenery, scene, landscape, view, sight; scene (e.g. of a crime)"
"夫婦","ふうふ","married couple, husband and wife, man and wife"
"笛","ふえ, ちゃく","flute, fife, pipe, recorder, flageolet, shakuhachi, clarinet; whistle"
"不可","ふか","wrong, bad, improper, unjustifiable, inadvisable; not allowed, not possible; failing grade"
"服装","ふくそう","attire, dress, clothes, clothing, costume, garb"
"含む","ふくむ, くくむ","to contain, to comprise, to have, to hold, to include, to embrace; to hold in the mouth; to bear in mind, to understand, to harbor (grudge, etc.), to harbour; to express (emotion, etc.), to imply"
"袋","ふくろ","bag, sack, pouch; skin of an orange (and other like fruits); dead end; plot of land surrounded by water"
"不幸","ふこう","unhappiness, sorrow, misfortune, disaster, accident; death (usu. of a relative), bereavement"
"節","ふし","joint, knuckle; tune, melody; node (of a plant stem), joint, knot (in wood), knob; (notable) point, part; node"
"不思議","ふしぎ","wonderful, marvelous, strange, incredible, amazing, curious, miraculous, mysterious; strangely enough, oddly enough, for some reason, curiously"
"不自由","ふじゆう","discomfort, inconvenience; poverty, want, destitution, lack; inability, disability, impairment (physical, mental, etc.), nonfluency (in a language)"
"夫人","ふじん, ぶにん, はしかし","wife, Mrs, madam; wife of a nobleman (aristocrat, etc.); consort of the emperor"
"婦人","ふじん","woman, lady, adult female"
"不正","ふせい","injustice, unfairness, wrongdoing, iniquity, impropriety, irregularity, dishonesty, illegality, fraud"
"防ぐ","ふせぐ","to defend against, to protect against; to prevent, to avert, to avoid"
"不足","ふそく","insufficiency, deficiency, shortage, lack, scarcity, deficit; dissatisfaction, discontent, complaint"
"双子","ふたご, そうし","twins, twin"
"再び","ふたたび","again, once more, a second time"
"普段","ふだん","usual, normal, everyday, habitual, ordinary; usually, normally, generally, habitually, always"
"縁","ふち","rim, brim, edge, brink"
"筆","ふで, ひつ","writing brush, paintbrush, pen; writing with a brush, drawing with a brush, penmanship, something drawn with a brush; writing (composing text), the written word; (land) lot, plot"
"不図","ふと","suddenly, casually, accidentally, incidentally, unexpectedly, unintentionally"
"船","ふね","ship, boat, watercraft, vessel, seaplane; tank, tub, vat, trough; counter for boat-shaped containers (e.g. of sashimi)"
"不平","ふへい","discontent, dissatisfaction, complaint, grievance"
"不満","ふまん","dissatisfaction, discontent, displeasure, complaint, unhappiness"
"不利","ふり","disadvantage, handicap, unfavorable position"
"振る","ふる","to wave, to shake, to swing; to sprinkle, to throw (dice); to cast (actor), to allocate (work); to turn down (someone), to reject, to jilt, to dump; to abandon, to give up, to ruin; to add kana indicating a reading of a word; to slightly change headings, to change directions; to extract by broiling, to prepare an infusion of, to decoct; to carry with great vigor (e.g. a portable shrine); to bring up a topic, to lead to a topic; to replace, to substitute; to set up a joke for someone else"
"震える","ふるえる","to shiver, to shake, to quake, to tremble, to quaver, to quiver"
"触れる","ふれる","to touch, to feel; to touch (with); to experience, to come in contact with, to perceive; to touch on (a subject), to allude to, to refer to, to mention, to bring up; to be in conflict with, to violate (law, copyright, etc.), to infringe; to proclaim, to make known, to spread (e.g. a rumour)"
"風呂","ふろ","bath, bathing, bathtub, bathroom; bathhouse, public bath; room for drying lacquerware; base (wooden joint connecting the blade of a hoe, spade, etc., to the handle)"
"雰囲気","ふんいき, ふいんき","atmosphere, mood, ambience, ambiance, aura, feel; a certain air, presence, special aura, something (about someone); (Earth's) atmosphere"
"分","ぶ","one-tenth, one percent (one-tenth of a wari), 3 mm (one-tenth of a sun), 2.4 mm (one-tenth of a mon, a traditional unit used to measure shoe sizes), 0.1 degree (one-tenth of a do, used to measure body temperature on any temperature scale); one-quarter of a ryō (obsolete unit of currency); thickness; advantageous circumstances; one-tenth of a monme of silver"
"無","ぶ","un-, non-; bad ..., poor ..."
"ＶＡＮ","ブイ・エー・エヌ, バン, ヴァン, ブイエーエヌ","value-added network, VAN"
"武器","ぶき","weapon, arms, ordnance; weapon (something used to gain an advantage), asset"
"無事","ぶじ","safety, security, peace, quiet; safely, without incident, successfully; good health; inaction, ennui"
"舞台","ぶたい","stage (of a theatre, concert hall, etc.), (stage) performance; setting (of a story), scene; sphere (of activity), stage (e.g. political stage), scene, arena, world"
"物価","ぶっか","prices of commodities, prices (in general), cost-of-living"
"物質","ぶっしつ","material, substance; matter"
"打つ","ぶつ","to hit (someone), to strike, to beat; to make (a speech), to give (an address); to gamble"
"物理","ぶつり","laws of nature, physical laws; physics"
"部分","ぶぶん","portion, section, part"
"","ブレーキ","brake; (a) stop (to a development, behavior, etc.), (the) brakes"
"文","ぶん","sentence; composition, text, writings; the literary arts (as opposed to the military arts), academia, literature; statement"
"分","ぶん","part, portion, share; amount, worth (as in ""two days' worth""), enough (for); one's means, one's place, one's lot, one's social position; one's duty, one's part; condition, state (of affairs), extent, rate (as in ""at this rate""); in proportion to, just as much as, to the same degree; content (e.g. alcohol), percentage; equivalent to (e.g. an old brother)"
"分析","ぶんせき","analysis"
"文明","ぶんめい","civilization, civilisation, culture; Bunmei era (1469.4.28-1487.7.20)"
"分野","ぶんや","field, sphere, realm, division, branch"
"","プラス","plus, addition; positive (number); plus sign, positive symbol; advantage, plus, asset, positive factor, positive effect; profit, gain; anode, plus terminal, positive pole; positive (test result)"
"","プラン","plan, scheme; (payment) plan, package, deal, offer"
"","プロ","professional, pro; program; production; proletarian, proletariat; propaganda"
"塀","へい","wall; fence"
"平均","へいきん, へいぎん","average, mean; balance, equilibrium"
"平和","へいわ","peace, harmony"
"減らす","へらす","to abate, to decrease, to diminish, to shorten"
"減る","へる","to decrease (in size or number), to diminish, to abate"
"変化","へんか","change, variation, alteration, mutation, transition, transformation, transfiguration, metamorphosis; variety, diversity; inflection, declension, conjugation; sidestepping"
"変更","へんこう","change, modification, alteration, revision, amendment"
"別に","べつに","(not) particularly, (not) especially, (not) specially; separately, apart, additionally, extra"
"","ベルト","belt (worn around the waist); (machine) belt; belt, zone, area"
"勉強","べんきょう","study; diligence, working hard; experience, lesson (for the future); discount, price reduction"
"","ベンチ","bench"
"弁当","べんとう","bento, Japanese box lunch"
"","ペンキ","paint"
"法","ほう","law, act, principle; method; mood; dharma, law"
"方","ほう","direction, way, side, area (in a particular direction); side (of an argument, etc.), one's part; type, category; field (of study, etc.); indicates one side of a comparison; way, method, manner, means; length (of each side of a square)"
"方向","ほうこう","direction, orientation, bearing, way; course (e.g. of action)"
"報告","ほうこく","report, information"
"宝石","ほうせき","gem, jewel, precious stone"
"放送","ほうそう","broadcasting, broadcast, program, announcement"
"豊富","ほうふ","abundant, plentiful, rich, ample"
"方法","ほうほう","method, way, manner, process, procedure, means, measure"
"方々","ほうぼう","here and there, this way and that way, everywhere, all over"
"訪問","ほうもん","call, visit"
"吠える","ほえる","to bark, to howl, to bay, to roar, to yelp, to yap; to howl (of the wind), to roar (of the sea); to yell, to shout, to cry, to moan"
"頬","ほお, ほほ","cheek (of the face)"
"他","ほか","another place, some other place, somewhere else, outside; another (person or thing), other, different, something else, someone else, the rest, et al.; beyond (one's expectations, imagination, etc.), outside; except, but, other than, apart from; besides, in addition to, as well as, on top of"
"誇り","ほこり","pride, boast, credit (to)"
"埃","ほこり, ホコリ","dust"
"保証","ほしょう","guarantee, security, assurance, pledge; warranty"
"保存","ほぞん","preservation, conservation, storage, maintenance; saving (e.g. to disk)"
"仏","ほとけ, ホトケ","Buddha, Shakyamuni; Buddhist image, figure of Buddha; the dead, dead person, departed soul; merciful person"
"程","ほど","extent, degree, measure; limit, bounds; (span of) time; (a) distance; the state of, the status of, the condition of; about, around, approximately, or so; as much as ..., to the extent of ..., like ...; the more ... the more ..."
"歩道","ほどう","footpath, walkway, sidewalk, pavement"
"骨","ほね","bone; frame; outline, core; backbone, spirit, fortitude; laborious, troublesome, difficult"
"炎","ほのお, ほむら","flame, blaze; flames (of intense emotion, e.g. love, jealousy, anger), passion"
"微笑む","ほほえむ, ほおえむ","to smile"
"略","ほぼ","almost, roughly, approximately, about, around"
"褒める","ほめる","to praise, to commend, to compliment, to speak well of, to speak highly of"
"堀","ほり","moat, fosse; canal, ditch"
"本当","ほんとう, ほんと, ホントー, ホント, ホントウ","truth, reality, actuality, fact; proper, right, correct, official; genuine, authentic, real, natural, veritable"
"本人","ほんにん","the person in question, the person themselves, said person"
"本物","ほんもの, ホンモノ","genuine article, real thing, real deal"
"","ホーム","platform"
"棒","ぼう","pole, rod, stick, baton; line, dash; spoken monotonously"
"冒険","ぼうけん","adventure, venture; venture which is unlikely to succeed, risky attempt, danger, hazard, risk"
"","ボウル, ボール","bowl"
"","ぼんやり, ボンヤリ","dimly, faintly, indistinctly, vaguely; absentmindedly, vacantly, carelessly; idly, aimlessly; absence of mind, fool, blockhead, dunce"
"","ボーイ","boy; bellboy, porter, waiter"
"","ボート","boat; rowboat, rowing boat"
"間","ま","time, pause; space; room"
"","まあ, まー, まぁ, ま","just (e.g. ""just wait here""), come now, now, now; tolerably, passably, moderately, reasonably, fairly, rather, somewhat; well..., I think..., it would seem..., you might say..., Hmmm, I guess so...; oh!, oh dear!, oh, my!, wow!, goodness gracious!, good heavens!"
"","マイク","mike, mic, microphone"
"迷子","まいご","lost child, lost person, stray child, missing child"
"任せる","まかせる","to leave (a matter, decision, etc. to someone), to entrust (to someone), to entrust (someone) with; to leave (to chance, one's imagination, etc.), to let (take its own course), to let (happen), to give (oneself to something); to use (money, strength, spare time, etc.) to the full, to use freely, to use without reserve"
"幕","まく","curtain; act (in a play); falling of the curtain, end (of a scene); end, close; case, occasion, role (to play), part, place; makuuchi, top division"
"負け","まけ","defeat, loss, losing (a game); failing to live up to (one's name, looks, etc.); discount, loss (on a sale)"
"孫","まご","grandchild"
"真逆","まさか","by no means, never!, well, I never!, you don't say!, certainly (not); something unexpected, emergency; currently, for the time being, presently, for now; indeed, really, truly, unexpectedly"
"正に","まさに","exactly, just, precisely, really, truly, surely, certainly, without doubt; right (when), just (as); just (about to), on the point of, on the verge of, on the brink of; really (ought to), certainly (should), naturally"
"真面目","まじめ, マジメ","serious, earnest, sober, grave; honest, sincere"
"増す","ます","to increase, to grow"
"","マスター, マスタ","to master (a skill); proprietor, manager, owner, barkeeper; leader, chief, head; master (of arts, science, etc.); master (recording); master (device); master (data)"
"益々","ますます","increasingly, more and more, decreasingly (when declining), less and less"
"先ず","まず","first (of all), firstly, to begin with, before anything else; probably, most likely, almost certainly, virtually; more or less (satisfactory), on the whole, reasonably; anyway, at any rate, for now (at least), for the time being"
"貧しい","まずしい","poor, needy; lacking (quantity and quality-wise), poor, scanty, skimpy, slight, inadequate"
"又","また","again, once more, once again, another time, some other time; also, too, as well, likewise; on the other hand, while; and, in addition, besides, moreover, furthermore; or, otherwise; really, how, (what, why) on earth; some time (in the future); indirect"
"未だ","まだ, いまだ","still, as yet, only; (not) yet; more, (more) still; at least, comparatively, relatively; unfinished, incomplete, not yet done"
"町","まち","town, block, neighbourhood, neighborhood; downtown, main street; street, road"
"間違い","まちがい","mistake, error, blunder; accident, mishap, trouble; improper conduct (e.g. between man and woman), indiscretion"
"真っ赤","まっか","bright red, deep red, flushed (of face); downright (e.g. lie), complete, utter"
"真っ直ぐ","まっすぐ","straight (ahead), direct, upright, erect; straightforward, honest, frank"
"全く","まったく","really, truly, entirely, completely, wholly, perfectly; indeed; good grief"
"松","まつ, マツ","pine tree (Pinus spp.); highest (of a three-tier ranking system)"
"祭り","まつり","festival, feast, matsuri; harassment by an Internet pitchfork mob, online shaming, flaming; galore (as in ""goals galore""), frenzy, mania"
"学ぶ","まなぶ","to learn, to study, to take lessons in"
"真似","まね, マネ","imitating, copying, mimicry; behavior, behaviour, action, conduct"
"招く","まねく","to invite, to ask; to beckon, to wave someone in, to gesture to; to call in, to send for, to summon; to bring on oneself, to cause, to incur, to lead to, to result in"
"","ママ","mom, mommy, mum, mummy, mother, mama, mamma; female proprietress (of a bar, etc.)"
"豆","まめ, マメ","legume (esp. edible legumes or their seeds, e.g. beans, peas, pulses), bean, pea; soya bean (Glycine max), soybean, soy; female genitalia (esp. the clitoris); kidney; small, miniature, baby, midget, small-scale; child"
"守る","まもる","to protect, to guard, to defend; to keep (i.e. a promise), to abide (by the rules), to observe, to obey, to follow"
"丸","まる, マル","circle; entirety, whole, full, complete; money, dough, moola; enclosure inside a castle's walls; soft-shelled turtle; suffix for ship names, suffix for names of people (esp. infants), suffix for names of swords, armour, musical instruments, etc., suffix for names of dogs, horses, etc."
"丸い","まるい, まろい","round, circular, spherical; curved, smooth; harmonious, calm, peaceful, amiable, amicable"
"丸で","まるで","quite, entirely, completely, at all; as if, as though, just like"
"回す","まわす","to turn, to rotate, to spin, to twist, to gyrate; to pass around, to send around, to hand around, to circulate; to move (someone or something to where its needed), to send, to bring, to transfer, to forward, to direct, to submit; to turn (to a new use), to use (for something else); to turn on (something that turns or has a rotating part, e.g. a washing machine), to start up (e.g. an engine), to give (something) a spin; to put (someone in a position), to make (e.g. an enemy of); to ... around (e.g. chase, fool, play), to do all over, to do everywhere, to do completely; to surround (something) with, to enclose with; to put (an arm) around (e.g. someone's waist), to reach around; to invest (money), to lend; to dial (a telephone number); to gang-rape; to operate (e.g. business, shop)"
"回り","まわり","rotation; making the rounds; spreading; effect, efficacy; by way of, via; round, turn; size; 12-year period, 12-year age difference"
"万一","まんいち, ばんいち, まんいつ, ばんいつ","(unlikely event of) emergency, the worst(-case scenario), 10000 to 1; (if) by some chance, by some possibility, in the unlikely event that"
"満足","まんぞく","satisfaction, contentment, gratification; sufficient, satisfactory, enough, adequate, proper, decent; satisfying (an equation)"
"","マーケット","market"
"実","み","fruit, nut; seed; (in broth) pieces of meat, vegetable, etc.; content, substance"
"身","み","one's body, one's person; oneself, one's appearance; one's place (in society, etc.), one's position; main part, meat (as opposed to bone, skin, etc.), wood (as opposed to bark), blade (as opposed to its handle), container (as opposed to its lid)"
"見送り","みおくり","seeing (someone) off, send-off; deferment, postponement, shelving; letting a pitch go by; wait-and-see attitude"
"味方","みかた","friend, ally, supporter; taking sides (with), supporting, standing by, backing up"
"見事","みごと","splendid, magnificent, excellent, fine, superb, beautiful, admirable; utter (esp. defeat), total, complete; something worth seeing, sight, spectacle"
"","ミス","mistake, error, blunder"
"満ちる","みちる","to fill, to become full (of), to be filled (with), to brim (with); to wax (of the moon); to rise (of the tide), to flow, to come in; to expire (of a period of time), to mature, to come to an end"
"密","みつ","dense, thick, crowded; close (relationship), intimate; minute, fine, careful; secret; esoteric Buddhism, secret Buddhist teachings"
"認める","みとめる","to recognize, to recognise, to observe, to notice; to deem, to judge, to assess; to approve, to deem acceptable, to allow; to admit, to accept, to confess (to a charge); to watch steadily, to observe carefully; to renown, to give renown to, to appreciate, to acknowledge"
"皆","みな, みんな","everyone, everybody, all; everything, all"
"見舞い","みまい","visit (to someone affected by illness or misfortune), call, inquiry (about someone's health), expression of sympathy; letter of inquiry, letter of sympathy, get-well letter, gift (in token of one's sympathy)"
"土産","みやげ","local specialty or souvenir bought as a gift while travelling; present brought by a visitor; something unpleasant that one is given (e.g. an illness while on vacation), unwelcome gift, disservice"
"都","みやこ","capital (esp. Kyoto, Japan's former capital), seat of government; capital (of music, fashion, etc.), city (e.g. of light); location of the Imperial Palace"
"妙","みょう","strange, weird, odd, curious; wonder, mystery, miracle, excellence; cleverness, adroitness, knack, skill"
"未来","みらい","(distant) future; future existence, world beyond the grave, the world to come; future (tense)"
"魅力","みりょく","charm, fascination, glamour, glamor, attraction, appeal"
"見る","みる","to see, to look, to watch, to view, to observe; to examine, to look over, to assess, to check, to judge; to look after, to attend to, to take care of, to keep an eye on; to experience, to meet with (misfortune, success, etc.); to try ..., to have a go at ..., to give ... a try; to see (that) ..., to find (that) ..."
"","ミルク","milk; infant formula, formula, baby milk; condensed milk"
"無","む","nothing, naught, nought, nil, zero; un-, non-"
"向い","むかい","facing, opposite, across the street, other side"
"迎え","むかえ","meeting, greeting, welcome; person sent to meet a visitor"
"向く","むく","to turn toward, to look (up, down, etc.); to face (e.g. east) (of a building, window, etc.), to look out on, to front (on); to point (of an arrow, compass needle, etc.); to be suited to, to be fit for; to go towards, to turn to (of one's interests, feelings, etc.), to be inclined (to do)"
"向ける","むける","to turn (towards), to face, to point, to aim, to direct to; to head to, to go towards; to allot, to allocate; to send, to dispatch (e.g. a person); to aim for, to pursue"
"無視","むし","disregarding, ignoring"
"虫歯","むしば","tooth decay, decayed tooth, dental cavity, dental caries"
"寧ろ","むしろ","rather, better, instead, if anything"
"結ぶ","むすぶ","to tie, to bind, to link; to bear (fruit); to close (e.g. deal), to confirm, to conclude; to connect (two distant places); to close tightly, to purse (e.g. lips); to unite (with), to ally, to join hands"
"無駄","むだ, ムダ","futility, waste, uselessness, pointlessness, idleness"
"夢中","むちゅう","absorbed in, immersed in, crazy about, obsessed with, devoted to; forgetting oneself, daze, trance, ecstasy, delirium; within a dream, while dreaming"
"胸","むね, むな","chest, breast; breasts, bosom, bust; heart; lungs; stomach; heart, mind, feelings"
"無料","むりょう","free (of charge), gratuitous"
"芽","め","sprout, shoot, bud; germinal disk (in an egg)"
"明確","めいかく","clear, precise, definite, distinct"
"命じる","めいじる","to order, to command; to appoint"
"名人","めいじん","master, expert; Meijin (professional title)"
"命令","めいれい","order, command, decree, directive; (software) instruction, statement"
"迷惑","めいわく","trouble, bother, annoyance, nuisance, inconvenience; to be troubled (by), to be bothered (by), to be inconvenienced (by)"
"飯","めし","cooked rice; meal, food; one's living, livelihood"
"滅多に","めったに","rarely, seldom"
"","メモ","note, memo, memorandum"
"面","めん","face; mask, face guard; striking the head (in kendo); surface (esp. a geometrical surface); page; aspect, facet, side; chamfer; counter for broad, flat objects, levels or stages, e.g. in a video game"
"綿","めん","cotton"
"免許","めんきょ","license, licence, permission, permit, certificate"
"面倒","めんどう","trouble, bother; trouble, difficulty; care, attention"
"","メンバー, メンバ","member, participant, attendee, lineup (sport)"
"申し込む","もうしこむ","to apply for, to make an application, to propose (marriage), to offer (mediation), to make an overture (of peace), to challenge, to lodge (objections), to request (an interview), to subscribe for, to book, to reserve"
"申し訳","もうしわけ","apology, excuse"
"毛布","もうふ","blanket"
"燃える","もえる","to burn, to get fired up"
"目的","もくてき","purpose, goal, aim, objective, intention"
"目標","もくひょう","goal, target, aim, objective; mark, sign, landmark"
"木曜","もくよう","Thursday"
"若しも","もしも","if, in case, supposing"
"文字","もじ, もんじ","letter (of an alphabet), character; writing"
"持ち上げる","もちあげる","to elevate, to raise, to lift up; to flatter, to extol, to praise to the sky"
"用いる","もちいる","to use, to make use of, to utilize, to utilise"
"勿論","もちろん","of course, certainly, naturally"
"最も","もっとも, もとも","most, extremely"
"尤も","もっとも","but then, although, though; reasonable, natural, just"
"元","もと","origin, source, beginning; basis, base, foundation, root; cause; (raw) material, ingredient, base, mix (e.g. for a cake), (soup) stock; (one's) side; capital, principal, cost price; root (of a plant), (tree) trunk; part (of a brush, chopsticks, etc.) one holds (with the hand); first three lines of a waka; counter for plants or trees; counter for falcons (in falconry)"
"基づく","もとづく","to be based (on), to be founded (on), to be grounded (on), to be in accordance (with); to be due to, to come (from), to arise (from), to originate (in)"
"求める","もとめる","to want, to wish for; to request, to demand, to require, to ask for; to seek, to search for, to look for, to pursue (pleasure), to hunt (a job), to find (a solution); to purchase, to buy"
"戻す","もどす","to put back, to return, to give back, to restore (to a previous state, e.g. defrosting, reconstituting, reconciling), to turn back (e.g. clock hand); to vomit, to throw up; to recover (of a market price)"
"者","もの, もん","person"
"物音","ものおと","noise, sound"
"物語","ものがたり","story, tale, narrative, account, fable, legend"
"物事","ものごと","things, everything"
"模様","もよう","pattern, figure, design; state, condition; conjecture of the current situation, the way it seems; model, pattern, example; indicates that something seems likely (e.g. rain or storm); framework, territorial framework, moyo"
"貰う","もらう","to receive, to take, to accept; to get someone to do something; to have in one's pocket (a fight, match); to contract (a disease), to catch, to be affected"
"文句","もんく","complaint, grumbling, objection; phrase, words, expression"
"軈て","やがて","before long, soon, shortly; almost, nearly; finally, in the end, eventually"
"訳","やく","translation, version (e.g. ""English version"")"
"約","やく","approximately, about; promise, appointment, engagement; shortening, reduction, simplification; contraction (in phonetics)"
"役","やく","role, assignment, responsibility, duty, function, job, service; position (of responsibility), post, office; part (in a play, film, etc.), role, character; scoring combination, hand, yaku, meld"
"役割","やくわり","part, assigning (allotment of) parts, role, duties"
"家賃","やちん","rent"
"厄介","やっかい","trouble, burden, nuisance, bother, worry; care, dependence, support, kindness, obligation, staying (with a person)"
"雇う","やとう","to employ, to hire, to take on; to charter (a car, boat, etc.), to hire"
"宿","やど","lodging, inn, hotel; house, home, dwelling; home of a servant's parents (or guarantor, etc.)"
"屋根","やね","roof"
"矢張り","やはり","as expected, sure enough, just as one thought; after all (is said and done), in the end, as one would expect, in any case; too, also, as well, likewise, (not) either; still, as before; all the same, even so, still, nonetheless"
"破る","やぶる","to tear, to rip, to break, to destroy; to break through (cordon, opponent's defense, etc.), to breach; to defeat, to beat; to break (e.g. silence), to disturb (e.g. peace), to shatter (e.g. dream), to disrupt, to spoil; to violate (e.g. rule), to break (e.g. promise), to infringe; to break (a record)"
"辞める","やめる","to resign, to retire, to quit, to leave (one's job, etc.)"
"稍","やや","a little, partially, somewhat, slightly, semi-, -ish, on the ... side, a short time, a while"
"唯一","ゆいいつ, ゆいつ, ゆういつ","only, sole, unique"
"勇気","ゆうき","courage, bravery, valour, valor, nerve, boldness"
"有効","ゆうこう","valid, effective; yuko (judo)"
"優秀","ゆうしゅう","superior, excellent, brilliant, outstanding"
"優勝","ゆうしょう","overall victory, championship, winning the title; (being in) heaven, bliss, perfect contentment"
"友情","ゆうじょう","friendship, fellowship, camaraderie"
"友人","ゆうじん","friend"
"有能","ゆうのう","able, capable, competent, talented, efficient"
"郵便","ゆうびん","mail service, postal service, mail, post; mail, postal matter, postal items"
"夕べ","ゆうべ","evening; evening (of a special event); last night, yesterday evening"
"有利","ゆうり","advantageous, favourable, better, stronger; profitable, lucrative, gainful, paying"
"床","ゆか","floor; stage (for the narrator and the shamisen player); dining platform built across a river"
"愉快","ゆかい","pleasant, delightful, enjoyable, joyful, cheerful, amusing, happy"
"輸出","ゆしゅつ, しゅしゅつ","export, exportation; efferent"
"譲る","ゆずる","to hand over, to transfer, to turn over, to assign, to convey, to bequeath; to give up (e.g. one's seat), to give way; to yield, to concede, to give ground, to surrender; to sell; to postpone, to put off, to defer"
"豊か","ゆたか","abundant, plentiful, rich, ample; rich, wealthy, affluent, well-off; open (mind), relaxed, easy; plump (e.g. breasts), full, ample; (well) over, (easily) in excess of"
"","ゆっくり","slowly, unhurriedly, without haste, leisurely, at one's leisure; easily (e.g. in time), well, sufficiently, amply, with time to spare; well (e.g. sleep), comfortably"
"輸入","ゆにゅう, しゅにゅう","import, importation, introduction; afferent"
"許す","ゆるす","to permit, to allow, to approve, to consent to; to forgive, to pardon, to excuse, to tolerate; to exempt (someone) from, to remit, to release, to let off; to acknowledge, to admit; to trust, to confide in, to let one's guard down; to give up (points in a game, distance in a race, etc.), to yield"
"","ユーモア, ヒューモア","humor, humour, joke"
"夜明け","よあけ","dawn, daybreak"
"良い","よい, えい","good, excellent, fine, nice, pleasant, agreeable; sufficient, enough, ready, prepared; profitable (deal, business offer, etc.), beneficial; OK, all right, fine, no problem; easy to ..."
"酔う","よう, えう","to get drunk, to become intoxicated; to feel sick (e.g. in a vehicle), to become nauseated; to be elated, to be exalted, to be spellbound, to be in raptures"
"様","よう","appearing ..., looking ...; way to ..., method of ...ing; form, style, design; like, similar to; thing (thought or spoken)"
"容易","ようい","easy, simple, plain"
"陽気","ようき","cheerful, jovial, merry, lively; weather, season; spirit of yang"
"要求","ようきゅう","demand, firm request, requisition, requirement, desire"
"用心","ようじん","care, precaution, guarding, caution"
"様子","ようす","state (of affairs), situation, circumstances; appearance, look(s), air, manner, behaviour, demeanor; sign, indication"
"要するに","ようするに","in short, in a word, to sum up, to put it simply, to make a long story short, after all"
"要素","ようそ","component, factor, item (e.g. in list); element (e.g. in array), member (e.g. data structure)"
"要点","ようてん","gist, main point"
"曜日","ようび","day of the week"
"予期","よき","expectation, anticipation, forecast"
"横切る","よこぎる","to cross (e.g. road), to traverse"
"予算","よさん","estimate (of costs), budget"
"止す","よす","to stop (doing), to cease, to desist, to drop, to lay off, to give up, to quit"
"予測","よそく","prediction, estimation"
"","ヨット","yacht (esp. a sailing boat with one mast), sailing boat, sailboat"
"夜中","よなか","middle of the night, dead of night"
"世の中","よのなか","society, the world, the times"
"余分","よぶん","extra, excess, surplus"
"予報","よほう","forecast, prediction"
"予防","よぼう","prevention, protection (against), precaution"
"読み","よみ","reading; reading (of a kanji, esp. kun reading); reading (e.g. of a situation), insight, judgment, interpretation, prediction, calculation"
"嫁","よめ","bride; (one's) daughter-in-law; wife"
"余裕","よゆう","surplus, margin, leeway, room, space, time, allowance, flexibility, scope; composure, placidity, complacency, calm"
"縒り","より","twist, ply"
"夜","よる, よ","night, evening; dinner"
"喜び","よろこび","joy, delight, rapture, pleasure, gratification, rejoicing, congratulations, felicitations"
"宜しい","よろしい","good, OK, all right, fine, very well, will do, may, can"
"宜しく","よろしく","well, properly, suitably; best regards, please remember me, please treat me favorably (favourably), please take care of, please do; just like ..., as though one were ...; by all means, of course"
"欧羅巴","ヨーロッパ, ヨーロパ, ヨオロッパ, ヨオロツパ","Europe"
"来","らい","next (year, spring, etc.), coming; since (e.g. last month), for (e.g. 20 years)"
"","ライター, ライタ","lighter"
"楽","らく","comfort, ease, relief, (at) peace, relaxation; easy, simple, without trouble, without hardships; (economically) comfortable; raku pottery; sukha (happiness)"
"","ラケット","racket, paddle (in table-tennis)"
"利益","りえき, りやく","profit, gains; benefit, advantage, good, interests (e.g. of society); grace (of God, Buddha, etc., esp. as attained through rightful actions, prayer, adherence to one's faith, etc.), blessing, miracle"
"理解","りかい","understanding, comprehension, appreciation; sympathy"
"陸","りく, おか","land, shore"
"利口","りこう","clever, intelligent, bright, smart, wise, sensible, shrewd; well-behaved (esp. of children and pets), obedient, good"
"離婚","りこん","divorce"
"理想","りそう","ideal, ideals"
"立派","りっぱ","splendid, fine, handsome, elegant, imposing, prominent, impressive; praiseworthy, creditable, worthy; legal, legitimate, lawful; undeniable (e.g. crime), indisputable, solid"
"率","りつ","rate, ratio, proportion, percentage"
"留学","りゅうがく","studying abroad; (temporarily) studying at another school (to learn a specific skill)"
"流行","りゅうこう","fashion, trend, vogue, craze, fad, popularity; prevalence (of a disease), epidemic"
"量","りょう","quantity, amount, volume, capacity, portion (of food); generosity, magnanimity, tolerance; pramana (means by which one gains accurate and valid knowledge; in Indian philosophy)"
"両替","りょうがえ","change, money exchange"
"料金","りょうきん","fee, charge, fare"
"礼","れい","thanks, gratitude; manners, etiquette; bow (i.e. bending of the body), bowing; reward, gift; ceremony, ritual; key money"
"例","れい","example, instance, illustration, case; precedent; custom, habit, practice, usage"
"礼儀","れいぎ","manners, courtesy, etiquette"
"冷静","れいせい","calmness, composure, coolness, serenity, presence of mind"
"列車","れっしゃ","train, railway train"
"列","れつ","row, line, file, column, queue, rank, procession; company (of someone), group, ranks; sequence; counter for rows"
"","レポート, リポート","report, paper; reportage"
"練習","れんしゅう","practice, training, drill, (an) exercise, workout"
"連想","れんそう","association (of ideas), being reminded (of something), suggestion"
"連続","れんぞく","continuation, succession, series"
"老人","ろうじん","old person, senior citizen, the aged, the elderly"
"労働","ろうどう","labor, labour, work; Labour Party"
"","ロケット","locket"
"論じる","ろんじる","to discuss, to talk about, to deal with (a topic); to argue, to dispute; to take into consideration, to make an issue of"
"論争","ろんそう","dispute, controversy, debate, argument, taking issue"
"論文","ろんぶん","thesis, essay, treatise, paper, article"
"輪","わ","ring, circle, loop; hoop; wheel; circle (e.g. of friends); planetary ring"
"羽","わ, ば, ぱ","counter for birds or rabbits"
"","ワイン","wine"
"別れ","わかれ","parting, separation, farewell"
"我儘","わがまま","selfish, egoist; self-indulgent, wilful, willful"
"脇","わき","armpit, under one's arm, side, flank; beside, close to, near, by; aside, to the side, away, out of the way; off-track, off-topic; deuteragonist, supporting role; second verse (in a linked series of poems)"
"分ける","わける","to divide (into), to split (into), to part, to separate, to divide up, to classify, to sort out, to divide out; to share, to distribute, to deal out, to dish out; to distinguish, to discriminate, to differentiate (between); to break up (a fight), to mediate; to call a draw, to tie; to push one's way through (a crowd); to sell"
"態と","わざと","on purpose, deliberately, intentionally"
"僅か","わずか","a little, a few, small, slight, trifling, meagre, meager, narrow (margin); only, just, merely, no more than"
"綿","わた, ワタ","cotton plant (Gossypium spp.); batting, wadding, padding"
"話題","わだい","topic, subject; much talked about, topical, in the news, hot"
"笑い","わらい","laugh, laughter; smile; sneer; sex aids (e.g. dildos, pornographic books, erotic woodblock prints, etc.)"
"割る","わる","to divide; to cut, to halve, to separate, to split, to rip; to break, to crack, to smash; to dilute; to fall below; to discount; to step over (a line, etc.)"
"悪口","わるぐち, わるくち","(verbal) abuse, speaking ill of people, bad-mouthing, name-calling, slander, abusive language, insulting remarks"
"我々","われわれ","we"
"湾","わん","bay, gulf, inlet"
